sample,contig,short_name,manual order,rrna_detected,kraken_score,diamond_score,contig_length,vr_score,num_ORFs,num_viralhits,num_pfamhits,number_of_markerhits,number_of_connected_contigs,connected_contigs,connected_markers,markerhits,MCP,SFII,RNAPS,RNAPL,PolB,TFIIB,TopoII,A32,VLTF3,ncldv_row_sum,comment,taxonomy_majority,species,genus,family,order,class,phylum,domain,order_completeness,order_dup,LENbp,LENbp_flye_reassembly,perc_change1,LENbp_hybrid_reassembly,GCperc,genecount,CODINGperc,status after manual inspection,has_interesting_peak,
AalW_18-Q3-R10-53,tig00007129-10-1736710,AalW_1,euk,FALSE,"18,75","0,00",174148,"0,59",80,16,12,2,,,,"PolB:403.4,RNR:99.5",0,0,0,0,1,0,0,0,0,1,gvclass is sure its eukaryotic,s_Erythranthe;g_Phrymaceae;f_Lamiales;o_Magnoliopsida;c_Streptophyta;p_Eukaryota;d_EUK,EUK__Erythranthe:1(100.00%),EUK__Phrymaceae:1(100.00%),EUK__Lamiales:1(100.00%),EUK__Magnoliopsida:1(100.00%),EUK__Streptophyta:1(100.00%),EUK__Eukaryota:1(100.00%),EUK:1(100.00%),0,0,174148,172901,"-0,72",174039,28.61,78,88.55,remove,yes,
Aved_18-Q3-R54-62,tig00022529-10-504790,Aved_1,Asfuvirales,FALSE,"2,56","0,00",50679,"5,56",39,18,5,1,,,,PolB:391.4,0,0,0,0,1,0,0,0,0,1,blastx thinks fausto,s_;g_;f_;o_;c_;p_;d_,"NCLDV__GVMAG-M-3300013133-40:1(50.00%),PHAGE__phage:1(50.00%)","NCLDV__g23:1(50.00%),PHAGE__phage:1(50.00%)","NCLDV__AF_01:1(50.00%),PHAGE__phage:1(50.00%)","NCLDV__Asfuvirales:1(50.00%),PHAGE__phage:1(50.00%)","NCLDV__Pokkesviricetes:1(50.00%),PHAGE__Acinetobacter_phage_vB_AbaM_B09_Aci05--_complete_genome_0-1495_1_1:1(50.00%)","NCLDV__Nucleocytoviricota:1(50.00%),PHAGE__phage:1(50.00%)","NCLDV:1(50.00%),PHAGE:1(50.00%)",24.14,1,50679,59042,"16,5",,39,39,84.46,keep,,
Bjer_18-Q3-R1-45,"tig00003152-10-4648240, tig00200493-10-1937720",Bjer_1,Asfuvirales,FALSE,"1,90","0,24",465135,"3,65",421,165,80,9,,,,"A32:124.1,D5:398.9,mcp:168.5,mcp:104.4,mRNAc:356.3,PolB:391.2,RNAPL:941.0,RNAPS:819.1,SFII:190.3,VLTF3:112.4",1,1,1,1,1,0,1,0,0,6,,s_;g_;f_AF_01;o_Asfuvirales;c_Pokkesviricetes;p_Nucleocytoviricota;d_NCLDV,"NCLDV__Pacmanvirus_A23_strain=A23:5(41.67%),NCLDV__GVMAG-M-3300013133-40:4(33.33%),PHAGE__phage:1(8.33%),NCLDV__GVMAG-S-3300002466-141:1(8.33%),EUK__Acetabularia:1(8.33%)","NCLDV__g20:5(41.67%),NCLDV__g23:4(33.33%),PHAGE__phage:1(8.33%),NCLDV__g15:1(8.33%),EUK__Polyphysaceae:1(8.33%)","NCLDV__AF_01:10(83.33%),PHAGE__phage:1(8.33%),EUK__Dasycladales:1(8.33%)","NCLDV__Asfuvirales:10(83.33%),PHAGE__phage:1(8.33%),EUK__Ulvophyceae:1(8.33%)","NCLDV__Pokkesviricetes:10(83.33%),PHAGE__Acinetobacter_phage_vB_AbaM_B09_Aci05--_complete_genome_0-1495_1_1:1(8.33%),EUK__Chlorophyta:1(8.33%)","NCLDV__Nucleocytoviricota:10(83.33%),PHAGE__phage:1(8.33%),EUK__Eukaryota:1(8.33%)","NCLDV:10(83.33%),PHAGE:1(8.33%),EUK:1(8.33%)",86.21,1,465135,482667,"3,77","426809, 4396",39.11,399,85.49,keep,,
Bjer_18-Q3-R1-45,tig00005251-10-2877190,Bjer_2,Pimascovirales,FALSE,"1,77","0,00",288549,"3,52",396,209,129,4,,,,"D5:288.2,D5:244.9,D5:140.1,PolB:409.1,PolB:202.3,RNAPL:310.3,RNAPL:308.4,RNAPL:233.0,SFII:290.2",0,1,0,1,1,0,1,0,0,4,,s_;g_;f_PM_06;o_Pimascovirales;c_Megaviricetes;p_Nucleocytoviricota;d_NCLDV,"NCLDV__Marseillevirus_LCMAC102:3(37.50%),NCLDV__GVMAG-M-3300005613-23:2(25.00%),NCLDV__Marseillevirus_LCMAC101:2(25.00%),NCLDV__GVMAG-S-1096109-37:1(12.50%)","NCLDV__g47:3(37.50%),NCLDV__g49:2(25.00%),NCLDV__g48:2(25.00%),NCLDV__g94:1(12.50%)","NCLDV__PM_06:7(87.50%),NCLDV__PM_01:1(12.50%)",NCLDV__Pimascovirales:8(100.00%),NCLDV__Megaviricetes:8(100.00%),NCLDV__Nucleocytoviricota:8(100.00%),NCLDV:8(100.00%),58.33,1.64,288549,306608,"6,26","286259, 1739",26.98,330,88.19,keep,,
Bjer_18-Q3-R1-45,tig00007454-10-2210560,Bjer_3,Pimascovirales,FALSE,"1,03","0,00",221855,"3,59",293,157,85,6,,,,"A32:183.2,D5:191.8,mcp:303.2,mRNAc:280.8,RNAPS:339.1,RNAPS:290.0,VLTF3:185.4",1,0,0,0,0,0,0,1,0,2,,s_Marseillevirus_LCMAC102;g_g47;f_PM_06;o_Pimascovirales;c_Megaviricetes;p_Nucleocytoviricota;d_NCLDV,"NCLDV__Marseillevirus_LCMAC102:6(75.00%),NCLDV__ERX552261-5:1(12.50%),EUK__marine-stramenopile_X:1(12.50%)","NCLDV__g47:6(75.00%),NCLDV__g107:1(12.50%),EUK__marine-stramenopile_X:1(12.50%)","NCLDV__PM_06:6(75.00%),NCLDV__PM_01:1(12.50%),EUK__marine-stramenopile_X:1(12.50%)","NCLDV__Pimascovirales:7(87.50%),EUK__marine-stramenopile_X:1(12.50%)","NCLDV__Megaviricetes:7(87.50%),EUK__marine-stramenopile:1(12.50%)","NCLDV__Nucleocytoviricota:7(87.50%),EUK__Eukaryota:1(12.50%)","NCLDV:7(87.50%),EUK:1(12.50%)",41.67,1.4,221855,"1987, 231335",#VALUE!,"220337, 1056",27.5,287,85.14,keep,,
Bjer_18-Q3-R1-45,tig00009838-10-1220470,Bjer_4,Asfuvirales,FALSE,"0,00","0,00",122383,"1,02",165,28,20,2,,,,"mRNAc:262.6,RNAPS:595.0",0,0,0,0,0,0,0,0,0,0,is asfurvirales but no mcp -> removed,s_GVMAG-M-3300023174-161;g_g32;f_AF_02;o_Asfuvirales;c_Pokkesviricetes;p_Nucleocytoviricota;d_NCLDV,"NCLDV__GVMAG-M-3300023174-161:2(66.67%),NCLDV__GVMAG-M-3300013004-50:1(33.33%)","NCLDV__g32:2(66.67%),NCLDV__g295:1(33.33%)","NCLDV__AF_02:2(66.67%),NCLDV__IM_07:1(33.33%)","NCLDV__Asfuvirales:2(66.67%),NCLDV__Imitervirales:1(33.33%)","NCLDV__Pokkesviricetes:2(66.67%),NCLDV__Megaviricetes:1(33.33%)",NCLDV__Nucleocytoviricota:3(100.00%),NCLDV:3(100.00%),27.59,1,122383,130192,"6,38","119303, 1851, 1503",36.48,173,89.04,remove,,
Bjer_18-Q3-R1-45,tig00018810-10-415530,Bjer_5,missing markers,FALSE,"0,00","0,00",41698,"0,75",64,8,6,1,,,,D5:169.9,0,0,0,0,0,0,0,0,0,0,blastx says african swine fever virus,missing_markers,missing_markers,missing_markers,missing_markers,missing_markers,missing_markers,missing_markers,missing_markers,0,0,41698,"18752, 36445",#VALUE!,,36.71,64,87.73,keep,,
Bjer_18-Q3-R1-45,tig00019094-10-765710,Bjer_6,Asfuvirales,FALSE,"0,00","0,00",76714,"3,16",91,31,11,1,,,,RNAPL:285.1,0,0,0,1,0,0,0,0,0,1,,s_;g_;f_;o_Asfuvirales;c_Pokkesviricetes;p_Nucleocytoviricota;d_NCLDV,"NCLDV__Pacmanvirus_A23_strain=A23:2(40.00%),EUK__Flechtneria:1(20.00%),PHAGE__phage:1(20.00%),NCLDV__GVMAG-S-1035124-107:1(20.00%)","NCLDV__g20:2(40.00%),EUK__Scenedesmaceae:1(20.00%),PHAGE__phage:1(20.00%),NCLDV__g36:1(20.00%)","NCLDV__AF_01:2(40.00%),EUK__Sphaeropleales:1(20.00%),PHAGE__phage:1(20.00%),NCLDV__incertae_sedis:1(20.00%)","NCLDV__Asfuvirales:3(60.00%),EUK__Chlorophyceae:1(20.00%),PHAGE__phage:1(20.00%)","NCLDV__Pokkesviricetes:3(60.00%),EUK__Chlorophyta:1(20.00%),PHAGE__Proteus_phage_phiP4-3--_complete_genome_0-7295_1_1:1(20.00%)","NCLDV__Nucleocytoviricota:3(60.00%),EUK__Eukaryota:1(20.00%),PHAGE__phage:1(20.00%)","NCLDV:3(60.00%),EUK:1(20.00%),PHAGE:1(20.00%)",6.9,1,76714,78147,"1,87",75446,37.3,84,88.14,,,
Bjer_18-Q3-R1-45,tig00026468-10-334190,Bjer_7,Asfuvirales,FALSE,"0,00","0,00",33576,"5,36",35,25,12,1,,,,"RNAPS:519.8,RNAPS:243.5",0,0,1,0,0,0,0,0,0,1,,s_;g_;f_AF_02;o_Asfuvirales;c_Pokkesviricetes;p_Nucleocytoviricota;d_NCLDV,"NCLDV__GVMAG-M-3300009068-46:1(33.33%),NCLDV__GVMAG-M-3300023174-150:1(33.33%),BAC__UBA1063:1(33.33%)","NCLDV__g31:1(33.33%),NCLDV__g30:1(33.33%),BAC__UBA1063:1(33.33%)","NCLDV__AF_02:2(66.67%),BAC__UBA1063:1(33.33%)","NCLDV__Asfuvirales:2(66.67%),BAC__Hydrothermia:1(33.33%)","NCLDV__Pokkesviricetes:2(66.67%),BAC__WOR-3:1(33.33%)","NCLDV__Nucleocytoviricota:2(66.67%),BAC__Bacteria:1(33.33%)","NCLDV:2(66.67%),BAC:1(33.33%)",6.9,1,33576,38155,"13,64",,39.04,38,89.57,,,
Bjer_18-Q3-R1-45,tig00026888-10-328650,Bjer_8,Pimascovirales,FALSE,"0,00","0,00",32318,"4,62",65,41,20,1,,,,"SFII:200.9,SFII:133.3",0,1,0,0,0,0,0,0,0,1,,s_;g_;f_PM_01;o_Pimascovirales;c_Megaviricetes;p_Nucleocytoviricota;d_NCLDV,"NCLDV__GVMAG-M-3300023174-172:1(50.00%),NCLDV__GVMAG-S-1101182-111:1(50.00%)","NCLDV__g99:1(50.00%),NCLDV__g118:1(50.00%)",NCLDV__PM_01:2(100.00%),NCLDV__Pimascovirales:2(100.00%),NCLDV__Megaviricetes:2(100.00%),NCLDV__Nucleocytoviricota:2(100.00%),NCLDV:2(100.00%),8.33,1,32318,25540,"-20,97",,29.37,68,84.73,,,
Bjer_18-Q3-R1-45,tig00200492-10-1213880,Bjer_9,euk,FALSE,"4,92","0,82",122201,"1,88",122,52,28,3,2,tig00200493|tig00200494,,"A32:86.9,PolB:300.9,RNAPS:409.6",0,0,0,0,1,0,0,0,0,1,"blastx is unsure, I THINK this one is not viral",s_;g_;f_;o_;c_;p_Eukaryota;d_EUK,"EUK__Stygamoeba:1(20.00%),EUK__Rhizomastix:1(20.00%),BAC__CAIMNF01:1(20.00%),EUK__Colponemidia:1(20.00%),EUK__Fugacium:1(20.00%)","EUK__Stygamoebida_X:1(20.00%),EUK__Evosea_X:1(20.00%),BAC__CAIMNF01:1(20.00%),EUK__Colponemidia:1(20.00%),EUK__Symbiodiniaceae:1(20.00%)","EUK__Stygamoebida:1(20.00%),EUK__Evosea_X:1(20.00%),BAC__UBA1018:1(20.00%),EUK__Colponemida:1(20.00%),EUK__Suessiales:1(20.00%)","EUK__Discosea_X:1(20.00%),EUK__Evosea_X:1(20.00%),BAC__UBA1018:1(20.00%),EUK__Eukaryota_X:1(20.00%),EUK__Dinophyceae:1(20.00%)","EUK__Eukaryota_X:2(40.00%),EUK__Discosea:1(20.00%),EUK__Evosea:1(20.00%),BAC__Bdellovibrionota:1(20.00%)","EUK__Eukaryota:4(80.00%),BAC__Bacteria:1(20.00%)","EUK:4(80.00%),BAC:1(20.00%)",0,0,316043,149433,"-52,72","54590, 50775, 1698, 1249, 1070",39.55,350,82.08,remove,,
Damh_18-Q3-R51-60,tig00001620-10-2012370,Damh_1,Asfuvirales,FALSE,"2,38","0,60",201904,"5,43",168,85,34,5,,,,"mcp:167.8,mcp:104.4,mRNAc:356.3,PolB:391.2,RNAPL:940.4,SFII:190.2",1,1,0,1,1,0,1,0,0,5,,s_Pacmanvirus_A23_strain=A23;g_g20;f_AF_01;o_Asfuvirales;c_Pokkesviricetes;p_Nucleocytoviricota;d_NCLDV,"NCLDV__Pacmanvirus_A23_strain=A23:4(57.14%),PHAGE__phage:1(14.29%),NCLDV__GVMAG-M-3300013133-40:1(14.29%),NCLDV__GVMAG-S-3300002466-141:1(14.29%)","NCLDV__g20:4(57.14%),PHAGE__phage:1(14.29%),NCLDV__g23:1(14.29%),NCLDV__g15:1(14.29%)","NCLDV__AF_01:6(85.71%),PHAGE__phage:1(14.29%)","NCLDV__Asfuvirales:6(85.71%),PHAGE__phage:1(14.29%)","NCLDV__Pokkesviricetes:6(85.71%),PHAGE__Acinetobacter_phage_vB_AbaM_B09_Aci05--_complete_genome_0-1495_1_1:1(14.29%)","NCLDV__Nucleocytoviricota:6(85.71%),PHAGE__phage:1(14.29%)","NCLDV:6(85.71%),PHAGE:1(14.29%)",55.17,01.06,201904,"206883, 4769, 7040",#VALUE!,"172838, 32017",39.17,168,83.38,keep,,
Damh_18-Q3-R51-60,tig00003367-10-1511030,Damh_2,Asfuvirales,FALSE,"1,40","0,70",151639,"3,19",143,55,26,2,,,,"D5:398.9,RNAPS:819.2",0,0,1,0,0,0,0,0,0,1,,s_;g_;f_AF_01;o_Asfuvirales;c_Pokkesviricetes;p_Nucleocytoviricota;d_NCLDV,"NCLDV__Pacmanvirus_A23_strain=A23:1(50.00%),NCLDV__GVMAG-M-3300013133-40:1(50.00%)","NCLDV__g20:1(50.00%),NCLDV__g23:1(50.00%)",NCLDV__AF_01:2(100.00%),NCLDV__Asfuvirales:2(100.00%),NCLDV__Pokkesviricetes:2(100.00%),NCLDV__Nucleocytoviricota:2(100.00%),NCLDV:2(100.00%),20.69,1.17,151639,163250,"7,66","133126, 10691, 1739",38.74,156,84.2,,,
Damh_18-Q3-R51-60,tig00013661-10-428030,Damh_3,Asfuvirales,FALSE,"0,00","0,00",42729,"6,13",43,24,13,2,,,,"mRNAc:194.2,mRNAc:158.2,RNAPL:567.6,RNAPL:381.1",0,0,0,1,0,0,0,0,0,1,,s_GVMAG-M-3300009068-46;g_g31;f_AF_02;o_Asfuvirales;c_Pokkesviricetes;p_Nucleocytoviricota;d_NCLDV,NCLDV__GVMAG-M-3300009068-46:2(100.00%),NCLDV__g31:2(100.00%),NCLDV__AF_02:2(100.00%),NCLDV__Asfuvirales:2(100.00%),NCLDV__Pokkesviricetes:2(100.00%),NCLDV__Nucleocytoviricota:2(100.00%),NCLDV:2(100.00%),20.69,1.83,42729,62383,46,41369,37.24,46,93.99,,yes,<- is a 'low' with high gc at the end: integrated virus not present everywhere?
Damh_18-Q3-R51-60,tig00014662-10-322670,Damh_4,missing markers,FALSE,"0,00","0,00",32329,"2,41",38,21,19,1,,,,RNR:397.9,0,0,0,0,0,0,0,0,0,0,blastx says some kind of nucelocytoviricota but unsure which one,missing_markers,missing_markers,missing_markers,missing_markers,missing_markers,missing_markers,missing_markers,missing_markers,0,0,32329,42082,"30,17",,36.54,26,90.71,keep,,
EsbE_18-Q3-R3-47,"tig00008772-10-1239520, tig00682649-10-91620",EsbE_1,Pimascovirales,FALSE,"1,03","0,00",124636,"3,13",195,92,41,1,,,,RNR:264.8,0,0,0,0,0,0,1,0,0,1,,s_;g_;f_;o_;c_Megaviricetes;p_Nucleocytoviricota;d_NCLDV,"NCLDV__Marseillevirus_LCMAC102:1(50.00%),NCLDV__GVMAG-M-3300010354-11:1(50.00%)","NCLDV__g47:1(50.00%),NCLDV__g309:1(50.00%)","NCLDV__PM_06:1(50.00%),NCLDV__Allomimiviridae:1(50.00%)","NCLDV__Pimascovirales:1(50.00%),NCLDV__Imitervirales:1(50.00%)",NCLDV__Megaviricetes:2(100.00%),NCLDV__Nucleocytoviricota:2(100.00%),NCLDV:2(100.00%),16.67,1.5,124636,134880,"8,22","122138, 2433, 1160, 1083",29.62,186,79.71,,,
EsbE_18-Q3-R3-47,tig00010241-10-606480,EsbE_2,Pimascovirales,FALSE,"0,00","0,00",60943,"5,93",95,67,25,3,,,,"PolB:216.7,RNAPL:292.6,RNAPL:226.2,SFII:268.7",0,1,0,0,1,1,0,0,0,3,,s_;g_;f_PM_06;o_Pimascovirales;c_Megaviricetes;p_Nucleocytoviricota;d_NCLDV,"NCLDV__Marseillevirus_LCMAC102:4(50.00%),NCLDV__GVMAG-M-3300005613-23:1(12.50%),EUK__Pirum:1(12.50%),NCLDV__GVMAG-M-3300012936-41:1(12.50%),NCLDV__GVMAG-S-ERX555967-131:1(12.50%)","NCLDV__g47:4(50.00%),NCLDV__g49:1(12.50%),EUK__Ichthyosporea_X:1(12.50%),NCLDV__g329:1(12.50%),NCLDV__g192:1(12.50%)","NCLDV__PM_06:5(62.50%),EUK__Ichthyosporea_X:1(12.50%),NCLDV__Mesomimiviridae:1(12.50%),NCLDV__AG_03:1(12.50%)","NCLDV__Pimascovirales:5(62.50%),EUK__Ichthyosporea:1(12.50%),NCLDV__Imitervirales:1(12.50%),NCLDV__Algavirales:1(12.50%)","NCLDV__Megaviricetes:7(87.50%),EUK__Eukaryota_X:1(12.50%)","NCLDV__Nucleocytoviricota:7(87.50%),EUK__Eukaryota:1(12.50%)","NCLDV:7(87.50%),EUK:1(12.50%)",29.17,1.29,60943,"58577, 25905",#VALUE!,,29.12,95,85.65,keep,,
EsbE_18-Q3-R3-47,tig00010266-10-709540,EsbE_3,Pimascovirales,FALSE,"1,94","0,97",71305,"3,40",103,63,40,1,,,,RNAPS:701.5,0,0,1,0,0,0,0,0,0,1,,s_Marseillevirus_LCMAC102;g_g47;f_PM_06;o_Pimascovirales;c_Megaviricetes;p_Nucleocytoviricota;d_NCLDV,NCLDV__Marseillevirus_LCMAC102:1(100.00%),NCLDV__g47:1(100.00%),NCLDV__PM_06:1(100.00%),NCLDV__Pimascovirales:1(100.00%),NCLDV__Megaviricetes:1(100.00%),NCLDV__Nucleocytoviricota:1(100.00%),NCLDV:1(100.00%),4.17,1,71305,87061,"22,1",,29.32,96,89.51,,,
EsbE_18-Q3-R3-47,tig00011155-10-803280,EsbE_4,missing markers,FALSE,"0,00","0,00",80470,"2,05",123,48,30,1,,,,D5:102.8,0,0,0,0,0,0,0,0,0,0,blastx says marseillevirus,missing_markers,missing_markers,missing_markers,missing_markers,missing_markers,missing_markers,missing_markers,missing_markers,0,0,80470,93055,"15,64",,29.42,,80.98,keep,,
EsbE_18-Q3-R3-47,tig00015429-10-321830,EsbE_5,missing markers,FALSE,"0,00","0,00",32337,"0,04",61,20,20,1,,,,RNR:112.0,0,0,0,0,0,0,0,0,0,0,blastx says some kind of nucelocytoviricota but unsure which one,missing_markers,missing_markers,missing_markers,missing_markers,missing_markers,missing_markers,missing_markers,missing_markers,0,0,32337,"16059, 3057, 3817",#VALUE!,,39.16,63,76.12,keep,yes,"<- is a 'low' with high gc at the end: integrated virus not present everywhere, maybe even two sites?"
EsbE_18-Q3-R3-47,tig00015929-10-437690,EsbE_6,Pimascovirales,FALSE,"2,94","0,00",43384,"3,80",68,41,24,3,,,,"A32:181.8,mcp:170.1,VLTF3:87.7",0,0,0,0,0,0,0,1,0,1,,s_Marseillevirus_LCMAC102;g_g47;f_PM_06;o_Pimascovirales;c_Megaviricetes;p_Nucleocytoviricota;d_NCLDV,"NCLDV__Marseillevirus_LCMAC102:2(66.67%),NCLDV__GVMAG-M-3300017991-11:1(33.33%)","NCLDV__g47:2(66.67%),NCLDV__g95:1(33.33%)","NCLDV__PM_06:2(66.67%),NCLDV__PM_01:1(33.33%)",NCLDV__Pimascovirales:3(100.00%),NCLDV__Megaviricetes:3(100.00%),NCLDV__Nucleocytoviricota:3(100.00%),NCLDV:3(100.00%),25,1.33,43384,65451,"50,86",,29.35,64,79.62,,,
EsbE_18-Q3-R3-47,tig00018203-10-336520,EsbE_7,Yaravirales,FALSE,"1,64","0,00",33806,"0,79",61,7,3,1,,,,A32:88.6,0,0,0,0,0,0,0,0,0,0,no mcp found,s_Ga0364574_11311;g_Yaravirus;f_Yaraviridae;o_Yaravirales;c_Mryaviricetes;p_Nucleocytoviricota;d_NCLDV,"NCLDV__NCLDV__Ga0364574_11311:3(75.00%),NCLDV__NCLDV__Ga0373638_0002274:1(25.00%)",NCLDV__Yaravirus:4(100.00%),NCLDV__Yaraviridae:4(100.00%),NCLDV__Yaravirales:4(100.00%),NCLDV__Mryaviricetes:4(100.00%),NCLDV__Nucleocytoviricota:4(100.00%),NCLDV:4(100.00%),0,0,33806,47310,"39,95",,51.03,71,85.19,keep,,
EsbE_18-Q3-R3-47,tig00020935-10-306750,EsbE_8,bac,FALSE,"3,57","0,00",30436,"0,37",28,2,2,1,,,,D5:166.5,0,0,0,0,0,0,0,0,0,0,this is bacterial,s_JAJVII01;g_JAJVII01;f_JAJVII01;o_Phycisphaerae;c_Planctomycetota;p_Bacteria;d_BAC,BAC__JAJVII01:1(100.00%),BAC__JAJVII01:1(100.00%),BAC__JAJVII01:1(100.00%),BAC__Phycisphaerae:1(100.00%),BAC__Planctomycetota:1(100.00%),BAC__Bacteria:1(100.00%),BAC:1(100.00%),0,0,30436,45891,"50,78",30931,63.24,33,95.49,remove,,
EsbE_18-Q3-R3-47,tig00682650-10-370990,EsbE_9,Yaravirales,FALSE,"0,00","0,00",37280,"0,62",42,5,1,1,1,tig00682649,,A32:112.0,0,0,0,0,0,0,0,1,0,1,has mcp,s_Ga0206648_1000510;g_Yaravirus;f_Yaraviridae;o_Yaravirales;c_Mryaviricetes;p_Nucleocytoviricota;d_NCLDV,"NCLDV__NCLDV__Ga0206648_1000510:3(75.00%),NCLDV__NCLDV__Ga0073900_10000256:1(25.00%)",NCLDV__Yaravirus:4(100.00%),NCLDV__Yaraviridae:4(100.00%),NCLDV__Yaravirales:4(100.00%),NCLDV__Mryaviricetes:4(100.00%),NCLDV__Nucleocytoviricota:4(100.00%),NCLDV:4(100.00%),0,0,46462,55601,"19,67","12452, 12163, 10964",39.78,56,86.01,keep,,
EsbW_18-Q3-R4-48,tig00004004-10-4987800,EsbW_1,Pimascovirales,FALSE,"2,09","0,00",499847,"3,12",673,313,155,10,,,,"A32:230.4,D5:415.5,D5:202.2,mcp:253.1,mRNAc:288.1,PolB:521.5,RNAPL:315.2,RNAPS:354.5,RNAPS:339.3,RNR:243.7,SFII:254.4,VLTF3:165.1",1,1,1,0,1,1,1,1,0,7,,s_;g_;f_PM_01;o_Pimascovirales;c_Megaviricetes;p_Nucleocytoviricota;d_NCLDV,"NCLDV__Faunusvirus_sp-_:2(11.11%),NCLDV__GVMAG-S-3300010158-109:2(11.11%),NCLDV__GVMAG-S-1059906-5:1(5.56%),NCLDV__GVMAG-S-3300013014-136:1(5.56%),NCLDV__GVMAG-S-3300010368-70:1(5.56%),NCLDV__GVMAG-M-3300017991-11:1(5.56%),NCLDV__GVMAG-M-3300023184-24:1(5.56%),NCLDV__GVMAG-S-1085360-44:1(5.56%),NCLDV__GVMAG-S-3300011013-114:1(5.56%),NCLDV__GVMAG-M-3300023179-83:1(5.56%),BAC__Mor1:1(5.56%),NCLDV__Pithovirus_LCPAC304:1(5.56%),NCLDV__Mimivirus_sp-_SH_:1(5.56%),NCLDV__Marseillevirus_LCMAC101:1(5.56%),NCLDV__SRX802077-164:1(5.56%),NCLDV__GVMAG-S-3300002186-40:1(5.56%)","NCLDV__g218-Aliimimivirinae:2(11.11%),NCLDV__g89:2(11.11%),NCLDV__g208:1(5.56%),NCLDV__g118:1(5.56%),NCLDV__g113:1(5.56%),NCLDV__g95:1(5.56%),NCLDV__g79:1(5.56%),NCLDV__g102:1(5.56%),NCLDV__g90:1(5.56%),NCLDV__g110:1(5.56%),BAC__Polarisedimenticolaceae:1(5.56%),NCLDV__g61:1(5.56%),NCLDV__g246-Megamimivirinae:1(5.56%),NCLDV__g48:1(5.56%),NCLDV__g93:1(5.56%),NCLDV__g117:1(5.56%)","NCLDV__PM_01:10(55.56%),NCLDV__Mimiviridae:3(16.67%),NCLDV__incertae_sedis:1(5.56%),NCLDV__PM_04:1(5.56%),BAC__Polarisedimenticolales:1(5.56%),NCLDV__PM_07:1(5.56%),NCLDV__PM_06:1(5.56%)","NCLDV__Pimascovirales:13(72.22%),NCLDV__Imitervirales:4(22.22%),BAC__Polarisedimenticolia:1(5.56%)","NCLDV__Megaviricetes:17(94.44%),BAC__Acidobacteriota:1(5.56%)","NCLDV__Nucleocytoviricota:17(94.44%),BAC__Bacteria:1(5.56%)","NCLDV:17(94.44%),BAC:1(5.56%)",91.67,1.73,499847,513801,"2,79","497754, 2300, 2044, 1990, 1371, 1193, 881",36.07,659,84.82,keep,,
EsbW_18-Q3-R4-48,tig00012076-10-422640,EsbW_2,Yaravirales,FALSE,"2,22","0,00",42324,"0,03",45,2,2,1,,,,A32:107.5,0,0,0,0,0,0,0,1,0,1,no mcp found,s_Ga0073900_10000256;g_Yaravirus;f_Yaraviridae;o_Yaravirales;c_Mryaviricetes;p_Nucleocytoviricota;d_NCLDV,NCLDV__NCLDV__Ga0073900_10000256:4(100.00%),NCLDV__Yaravirus:4(100.00%),NCLDV__Yaraviridae:4(100.00%),NCLDV__Yaravirales:4(100.00%),NCLDV__Mryaviricetes:4(100.00%),NCLDV__Nucleocytoviricota:4(100.00%),NCLDV:4(100.00%),0,0,42324,42209,"-0,27",44666,37.36,45,91.76,keep,,
EsbW_18-Q3-R4-48,tig00029800-10-387400,EsbW_3,Yaravirales,FALSE,"1,85","0,00",38890,"0,31",55,4,3,1,,,,A32:137.0,0,0,0,0,0,0,0,1,0,1,no mcp found,s_Ga0206646_1000143;g_Yaravirus;f_Yaraviridae;o_Yaravirales;c_Mryaviricetes;p_Nucleocytoviricota;d_NCLDV,NCLDV__NCLDV__Ga0206646_1000143:3(100.00%),NCLDV__Yaravirus:3(100.00%),NCLDV__Yaraviridae:3(100.00%),NCLDV__Yaravirales:3(100.00%),NCLDV__Mryaviricetes:3(100.00%),NCLDV__Nucleocytoviricota:3(100.00%),NCLDV:3(100.00%),0,0,38890,40165,"3,28",38986,38.28,55,91.2,keep,,
EsbW_18-Q3-R4-48,tig00030880-10-336100,EsbW_4,Yaravirales,FALSE,"0,00","0,00",33657,"0,30",50,3,3,1,,,,A32:120.5,0,0,0,0,0,0,0,1,0,1,no mcp found,s_Ga0073900_10000256;g_Yaravirus;f_Yaraviridae;o_Yaravirales;c_Mryaviricetes;p_Nucleocytoviricota;d_NCLDV,"NCLDV__NCLDV__Ga0073900_10000256:2(66.67%),NCLDV__NCLDV__Ga0206648_1000510:1(33.33%)",NCLDV__Yaravirus:3(100.00%),NCLDV__Yaraviridae:3(100.00%),NCLDV__Yaravirales:3(100.00%),NCLDV__Mryaviricetes:3(100.00%),NCLDV__Nucleocytoviricota:3(100.00%),NCLDV:3(100.00%),0,0,33657,45151,"34,15",,40.4,43,92.78,keep,,
EsbW_18-Q3-R4-48,tig00047481-10-336240,EsbW_5,Pimascovirales,FALSE,"2,17","0,00",33482,"1,43",46,14,12,1,,,,RNAPL:201.4,0,0,0,0,0,0,0,0,0,0,blastx says pitho or moumouvirus,s_;g_;f_;o_;c_;p_;d_,"NCLDV__GVMAG-M-3300023179-108:1(25.00%),EUK__Nematostelium:1(25.00%),EUK__Thunnus:1(25.00%),NCLDV__GVMAG-S-1096103-95:1(25.00%)","NCLDV__g111:1(25.00%),EUK__Schizoplasmodiidae:1(25.00%),EUK__Scombridae:1(25.00%),NCLDV__g61:1(25.00%)","NCLDV__PM_01:1(25.00%),EUK__Fractovitellida:1(25.00%),EUK__Scombriformes:1(25.00%),NCLDV__PM_07:1(25.00%)","NCLDV__Pimascovirales:2(50.00%),EUK__Variosea:1(25.00%),EUK__Actinopteri:1(25.00%)","NCLDV__Megaviricetes:2(50.00%),EUK__Evosea:1(25.00%),EUK__Chordata:1(25.00%)","NCLDV__Nucleocytoviricota:2(50.00%),EUK__Eukaryota:2(50.00%)","NCLDV:2(50.00%),EUK:2(50.00%)",0,0,33482,"11033, 41619",#VALUE!,,28.34,47,90.92,keep,yes,
Fred_18-Q3-R57-64,"tig00009743-10-1099150, tig00352724-10-1651420, tig00352725-10-1069880, tig00352726-10-201260",Fred_1,Imitervirales,FALSE,"5,31","0,00",109963,"1,59",113,28,16,2,3,tig00352724|tig00352725|tig00352726,,"A32:210.0,mRNAc:113.6",1,0,1,1,1,0,0,1,1,6,Imitervirales with polB are kept,s_;g_;f_;o_;c_;p_Eukaryota;d_EUK,"NCLDV__GVMAG-S-3300013132-149:2(22.22%),EUK__Physarum:2(22.22%),EUK__Galdieria:1(11.11%),NCLDV__Clandestinovirus_isolate:1(11.11%),EUK__Spironema:1(11.11%),EUK__Parvularia:1(11.11%),NCLDV__ERX552261-23:1(11.11%)","NCLDV__g200:2(22.22%),EUK__Physaraceae:2(22.22%),EUK__Cyanidiaceae:1(11.11%),NCLDV__incertae_sedis:1(11.11%),EUK__Spironemidae:1(11.11%),EUK__Rotosphaerida_X:1(11.11%),NCLDV__g305:1(11.11%)","NCLDV__IM_18:2(22.22%),EUK__Physariida:2(22.22%),EUK__Cyanidiales:1(11.11%),NCLDV__incertae_sedis:1(11.11%),EUK__Hemimastigophora_X:1(11.11%),EUK__Rotosphaerida:1(11.11%),NCLDV__Allomimiviridae:1(11.11%)","NCLDV__Imitervirales:3(33.33%),EUK__Eumycetozoa:2(22.22%),EUK__Bangiophyceae:1(11.11%),NCLDV__Pandoravirales:1(11.11%),EUK__Hemimastigophora_X:1(11.11%),EUK__Eukaryota_X:1(11.11%)","NCLDV__Megaviricetes:4(44.44%),EUK__Evosea:2(22.22%),EUK__Rhodophyta:1(11.11%),EUK__Hemimastigophora:1(11.11%),EUK__Eukaryota_X:1(11.11%)","EUK__Eukaryota:5(55.56%),NCLDV__Nucleocytoviricota:4(44.44%)","EUK:5(55.56%),NCLDV:4(44.44%)",0,0,402028,130075,"-67,65",100449,42.91,402,86.43,keep,,
Fred_18-Q3-R57-64,tig00046776-10-399470,Fred_10,Imitervirales,FALSE,"1,59","0,00",39554,"8,15",63,47,10,1,,,,"PolB:400.2,PolB:346.0",0,0,0,0,1,0,0,0,0,1,Imitervirales with polB are kept,s_GVMAG-M-3300023179-18;g_g336;f_Mesomimiviridae;o_Imitervirales;c_Megaviricetes;p_Nucleocytoviricota;d_NCLDV,"NCLDV__GVMAG-M-3300023179-18:2(66.67%),NCLDV__GVMAG-M-3300027746-47:1(33.33%)",NCLDV__g336:3(100.00%),NCLDV__Mesomimiviridae:3(100.00%),NCLDV__Imitervirales:3(100.00%),NCLDV__Megaviricetes:3(100.00%),NCLDV__Nucleocytoviricota:3(100.00%),NCLDV:3(100.00%),11.24,1.1,39554,43572,"10,16",,32.12,73,76.14,keep,,
Fred_18-Q3-R57-64,tig00049498-10-437940,Fred_11,Imitervirales,FALSE,"2,60","0,00",43540,"3,37",80,39,23,2,,,,"mcp:185.2,mcp:165.7,mcp:145.0,mcp:109.5,mcp:96.2,mcp:95.2,VLTF3:101.9,VLTF3:99.2",1,0,0,0,0,0,0,0,1,2,,s_Hokovirus_HKV1_;g_g228-Klosneuvirinae;f_Mimiviridae;o_Imitervirales;c_Megaviricetes;p_Nucleocytoviricota;d_NCLDV,"NCLDV__Hokovirus_HKV1_:8(57.14%),EUK__Bulimina:2(14.29%),NCLDV__SRX696246-4:1(7.14%),EUK__Tetrabaena:1(7.14%),NCLDV__Mimivirus_LCMiAC01:1(7.14%),NCLDV__GVMAG-M-3300009169-13:1(7.14%)","NCLDV__g228-Klosneuvirinae:8(57.14%),EUK__Buliminidae:2(14.29%),NCLDV__g233-Klosneuvirinae:1(7.14%),EUK__Tetrabaenaceae:1(7.14%),NCLDV__g232:1(7.14%),NCLDV__g242:1(7.14%)","NCLDV__Mimiviridae:11(78.57%),EUK__Rotaliida:2(14.29%),EUK__Chlamydomonadales:1(7.14%)","NCLDV__Imitervirales:11(78.57%),EUK__Foraminifera_X:2(14.29%),EUK__Chlorophyceae:1(7.14%)","NCLDV__Megaviricetes:11(78.57%),EUK__Foraminifera:2(14.29%),EUK__Chlorophyta:1(7.14%)","NCLDV__Nucleocytoviricota:11(78.57%),EUK__Eukaryota:3(21.43%)","NCLDV:11(78.57%),EUK:3(21.43%)",4.49,2.75,43540,59592,"36,87",,28.69,80,63.67,,yes,"super short spike, blastn returns nothing"
Fred_18-Q3-R57-64,tig00056322-10-447800,Fred_12,Imitervirales,FALSE,"2,60","1,30",44850,"6,06",77,59,30,2,,,,"PolB:262.2,RNR:185.7,RNR:116.7",0,0,0,0,1,0,0,0,0,1,,s_;g_;f_;o_Imitervirales;c_Megaviricetes;p_Nucleocytoviricota;d_NCLDV,"NCLDV__GVMAG-S-1091796-13:1(33.33%),NCLDV__GVMAG-M-3300024261-33:1(33.33%),EUK__Parvocaulis:1(33.33%)","NCLDV__g200:1(33.33%),NCLDV__g220:1(33.33%),EUK__Polyphysaceae:1(33.33%)","NCLDV__IM_18:1(33.33%),NCLDV__Mimiviridae:1(33.33%),EUK__Dasycladales:1(33.33%)","NCLDV__Imitervirales:2(66.67%),EUK__Ulvophyceae:1(33.33%)","NCLDV__Megaviricetes:2(66.67%),EUK__Chlorophyta:1(33.33%)","NCLDV__Nucleocytoviricota:2(66.67%),EUK__Eukaryota:1(33.33%)","NCLDV:2(66.67%),EUK:1(33.33%)",4.49,1.5,44850,52065,"16,09",,34.45,77,72.84,keep,,
Fred_18-Q3-R57-64,tig00010071-10-2322020,Fred_2,Pandoravirales,FALSE,"8,20","0,41",234097,"2,67",244,108,70,7,,,,"A32:234.0,D5:139.2,mcp:197.6,PolB:551.0,RNAPL:1051.1,RNAPS:494.1,RNAPS:284.3,VLTF3:163.7",1,0,1,1,1,0,0,1,1,6,"blastx says many things, but mostly pandoravirus",s_;g_;f_;o_;c_;p_;d_,"NCLDV__GVMAG-S-ERX556028-76:1(16.67%),NCLDV__ERX555907-69:1(16.67%),EUK__Gracilaria:1(16.67%),NCLDV__GVMAG-M-3300017971-10:1(16.67%),EUK__Physarum:1(16.67%),EUK__Ancoracysta:1(16.67%)","NCLDV__g163:1(16.67%),NCLDV__g194:1(16.67%),EUK__Gracilariaceae:1(16.67%),NCLDV__g155:1(16.67%),EUK__Physaraceae:1(16.67%),EUK__Nebulidae:1(16.67%)","NCLDV__PV_03:1(16.67%),NCLDV__AG_03:1(16.67%),EUK__Gracilariales:1(16.67%),NCLDV__PV_02:1(16.67%),EUK__Physariida:1(16.67%),EUK__Nebulidida:1(16.67%)","NCLDV__Pandoravirales:2(33.33%),NCLDV__Algavirales:1(16.67%),EUK__Florideophyceae:1(16.67%),EUK__Eumycetozoa:1(16.67%),EUK__Nebulidea:1(16.67%)","NCLDV__Megaviricetes:3(50.00%),EUK__Rhodophyta:1(16.67%),EUK__Evosea:1(16.67%),EUK__Nebulidia:1(16.67%)","NCLDV__Nucleocytoviricota:3(50.00%),EUK__Eukaryota:3(50.00%)","NCLDV:3(50.00%),EUK:3(50.00%)",71.43,1,234097,"115175, 143368, 33248, 32064, 34925, 35295, 44009",#VALUE!,"132716, 97454, 2090, 1968, 1246, 1097",65.44,234,84.85,keep,yes,
Fred_18-Q3-R57-64,tig00025320-10-657970,Fred_3,Pandoravirales,FALSE,"8,14","0,00",66386,"2,08",86,24,17,2,,,,"RNR:381.2,SFII:271.3",0,1,0,0,0,0,0,0,0,1,,s_SRX802073-108;g_g162;f_PV_03;o_Pandoravirales;c_Megaviricetes;p_Nucleocytoviricota;d_NCLDV,NCLDV__SRX802073-108:1(100.00%),NCLDV__g162:1(100.00%),NCLDV__PV_03:1(100.00%),NCLDV__Pandoravirales:1(100.00%),NCLDV__Megaviricetes:1(100.00%),NCLDV__Nucleocytoviricota:1(100.00%),NCLDV:1(100.00%),14.29,1,66386,"82737, 66710, 14256, 21214",#VALUE!,"63006, 1465, 1209, 1110",66.61,84,90.3,,yes,<- is a 'low' with high gc at the end: integrated virus not present everywhere?
Fred_18-Q3-R57-64,tig00030569-10-671360,Fred_4,Imitervirales,FALSE,"1,65","0,00",67049,"4,48",121,74,28,2,,,,"D5:198.8,D5:184.3,D5:129.6,mcp:133.6,mcp:95.7",1,0,0,0,0,0,0,0,0,1,,s_;g_;f_Mimiviridae;o_Imitervirales;c_Megaviricetes;p_Nucleocytoviricota;d_NCLDV,"NCLDV__Edafosvirus_sp-_:2(22.22%),EUK__Lenisia:1(11.11%),NCLDV__GVMAG-M-3300020192-26:1(11.11%),NCLDV__Mimivirus_LCMiAC02:1(11.11%),NCLDV__SRX802077-79:1(11.11%),NCLDV__Tupanvirus_soda_lake_soda_lake:1(11.11%),NCLDV__GVMAG-S-3300009084-161:1(11.11%),EUK__Euglypha:1(11.11%)","NCLDV__g246-Megamimivirinae:3(33.33%),NCLDV__g238-Klosneuvirinae:2(22.22%),EUK__Breviatea_X:1(11.11%),NCLDV__g232:1(11.11%),NCLDV__g226:1(11.11%),EUK__Euglyphidae:1(11.11%)","NCLDV__Mimiviridae:7(77.78%),EUK__Breviatea_X:1(11.11%),EUK__Euglyphida:1(11.11%)","NCLDV__Imitervirales:7(77.78%),EUK__Breviatea:1(11.11%),EUK__Imbricatea:1(11.11%)","NCLDV__Megaviricetes:7(77.78%),EUK__Eukaryota_X:1(11.11%),EUK__Cercozoa:1(11.11%)","NCLDV__Nucleocytoviricota:7(77.78%),EUK__Eukaryota:2(22.22%)","NCLDV:7(77.78%),EUK:2(22.22%)",10.11,1.33,67049,78920,"17,7",,35.21,140,76.34,,,
Fred_18-Q3-R57-64,tig00031982-10-442010,Fred_5,Imitervirales,FALSE,"1,30","0,00",44312,"9,31",77,64,12,1,,,,mcp:206.1,1,0,0,0,0,0,1,0,0,2,,s_;g_g336;f_Mesomimiviridae;o_Imitervirales;c_Megaviricetes;p_Nucleocytoviricota;d_NCLDV,"NCLDV__SRX331950-15:2(50.00%),NCLDV__GVMAG-M-3300027746-47:1(25.00%),NCLDV__GVMAG-M-3300023184-159:1(25.00%)",NCLDV__g336:4(100.00%),NCLDV__Mesomimiviridae:4(100.00%),NCLDV__Imitervirales:4(100.00%),NCLDV__Megaviricetes:4(100.00%),NCLDV__Nucleocytoviricota:4(100.00%),NCLDV:4(100.00%),13.48,1.33,44312,53678,"21,14",,33.5,74,79.16,,,
Fred_18-Q3-R57-64,tig00032545-10-421250,Fred_6,Imitervirales,FALSE,"1,39","0,00",42235,"1,16",73,19,11,4,,,,"A32:194.0,D5:102.8,mcp:252.3,VLTF3:198.0",1,0,0,0,0,0,0,1,1,3,Imitervirales with polB are kept,s_;g_;f_;o_Imitervirales;c_Megaviricetes;p_Nucleocytoviricota;d_NCLDV,"NCLDV__SRX802077-138:1(33.33%),NCLDV__GVMAG-S-1035085-42:1(33.33%),EUK__Acanthamoeba:1(33.33%)","NCLDV__g288:1(33.33%),NCLDV__g299:1(33.33%),EUK__Acanthamoebidae:1(33.33%)","NCLDV__IM_08:1(33.33%),NCLDV__Allomimiviridae:1(33.33%),EUK__Longamoebia:1(33.33%)","NCLDV__Imitervirales:2(66.67%),EUK__Discosea_X:1(33.33%)","NCLDV__Megaviricetes:2(66.67%),EUK__Discosea:1(33.33%)","NCLDV__Nucleocytoviricota:2(66.67%),EUK__Eukaryota:1(33.33%)","NCLDV:2(66.67%),EUK:1(33.33%)",4.49,1,42235,51707,"22,43",,31.32,73,80.24,keep,,
Fred_18-Q3-R57-64,tig00039421-10-462670,Fred_7,euk,FALSE,"2,41","0,00",46115,"0,92",84,21,10,1,,,,PolB:208.2,0,0,0,0,1,0,0,0,0,1,gvclass is sure its eukaryotic,s_;g_;f_;o_;c_;p_Eukaryota;d_EUK,"EUK__Cochliopodium:1(33.33%),EUK__Rosalina:1(33.33%),EUK__Amorphochlora:1(33.33%)","EUK__Cochliopodiidae:1(33.33%),EUK__Rosalinidae:1(33.33%),EUK__Chlorarachniophyceae_X:1(33.33%)","EUK__Himatismenida:1(33.33%),EUK__Rotaliida:1(33.33%),EUK__Chlorarachniophyceae_X:1(33.33%)","EUK__Discosea_X:1(33.33%),EUK__Foraminifera_X:1(33.33%),EUK__Chlorarachniophyceae:1(33.33%)","EUK__Discosea:1(33.33%),EUK__Foraminifera:1(33.33%),EUK__Cercozoa:1(33.33%)",EUK__Eukaryota:3(100.00%),EUK:3(100.00%),0,0,46115,34768,"-24,61",,29.7,68,87.79,remove,,
Fred_18-Q3-R57-64,tig00044644-10-370180,Fred_8,Imitervirales,FALSE,"3,03","2,99",36375,"7,98",67,54,13,1,,,,"mcp:173.4,mcp:158.0",1,0,0,0,0,0,0,0,0,1,,s_;g_g336;f_Mesomimiviridae;o_Imitervirales;c_Megaviricetes;p_Nucleocytoviricota;d_NCLDV,"NCLDV__SRX331950-15:1(50.00%),NCLDV__GVMAG-M-3300005662-62:1(50.00%)",NCLDV__g336:2(100.00%),NCLDV__Mesomimiviridae:2(100.00%),NCLDV__Imitervirales:2(100.00%),NCLDV__Megaviricetes:2(100.00%),NCLDV__Nucleocytoviricota:2(100.00%),NCLDV:2(100.00%),8.99,1.38,36375,53725,"47,7",,33.8,76,78.31,,,
Fred_18-Q3-R57-64,tig00046324-10-387470,Fred_9,missing markers,FALSE,"1,85","0,00",38267,"2,04",54,17,8,1,,,,"D5:252.2,D5:146.5,D5:94.5",0,0,0,0,0,0,0,0,0,0,"blastx says many things, but mostly marseillevirus or hoko or tupan",missing_markers,missing_markers,missing_markers,missing_markers,missing_markers,missing_markers,missing_markers,missing_markers,0,0,38267,1282,"-96,65",,26.1,66,56.22,keep,,
Hade_18-Q3-R52-61,"tig00003088-10-4372090, tig01675314-10-81500",Hade_1,Pimascovirales,FALSE,"1,96","0,39",436760,"3,74",512,290,197,10,,,,"A32:226.6,D5:711.0,mcp:454.2,mRNAc:139.8,PolB:805.5,RNAPL:446.4,RNAPL:423.0,RNAPL:284.5,RNAPS:683.0,RNAPS:375.9,RNR:454.6,SFII:302.9,VLTF3:191.4",1,1,1,1,1,1,1,1,0,8,,s_;g_;f_PM_01;o_Pimascovirales;c_Megaviricetes;p_Nucleocytoviricota;d_NCLDV,"NCLDV__GVMAG-S-3300010158-109:3(17.65%),NCLDV__GVMAG-S-1101172-105:2(11.76%),NCLDV__GVMAG-M-3300023179-108:1(5.88%),NCLDV__GVMAG-M-3300023179-119:1(5.88%),NCLDV__GVMAG-S-1096109-37:1(5.88%),NCLDV__ERX552270-38:1(5.88%),NCLDV__GVMAG-S-3300002186-40:1(5.88%),NCLDV__GVMAG-M-3300022752-50:1(5.88%),NCLDV__GVMAG-M-3300017991-11:1(5.88%),NCLDV__GVMAG-S-3300010368-70:1(5.88%),NCLDV__SRX696246-4:1(5.88%),NCLDV__Clandestinovirus_isolate:1(5.88%),NCLDV__GVMAG-M-3300023174-104:1(5.88%),NCLDV__GVMAG-M-3300023210-3:1(5.88%)","NCLDV__g89:3(17.65%),NCLDV__g96:2(11.76%),NCLDV__g111:1(5.88%),NCLDV__g120:1(5.88%),NCLDV__g94:1(5.88%),NCLDV__g273:1(5.88%),NCLDV__g117:1(5.88%),NCLDV__g85:1(5.88%),NCLDV__g95:1(5.88%),NCLDV__g113:1(5.88%),NCLDV__g233-Klosneuvirinae:1(5.88%),NCLDV__incertae_sedis:1(5.88%),NCLDV__g84:1(5.88%),NCLDV__g91:1(5.88%)","NCLDV__PM_01:14(82.35%),NCLDV__IM_09:1(5.88%),NCLDV__Mimiviridae:1(5.88%),NCLDV__incertae_sedis:1(5.88%)","NCLDV__Pimascovirales:14(82.35%),NCLDV__Imitervirales:2(11.76%),NCLDV__Pandoravirales:1(5.88%)",NCLDV__Megaviricetes:17(100.00%),NCLDV__Nucleocytoviricota:17(100.00%),NCLDV:17(100.00%),95.83,1.22,436760,466055,"6,71","439562, 4254, 2492, 2237, 1351, 1268",30.31,499,90.3,keep,,
Hade_18-Q3-R52-61,tig00012020-10-1479370,Hade_2,euk,FALSE,"2,13","3125,00",147893,"0,03",96,8,10,1,,,,RNR:149.2,0,0,0,0,0,0,0,0,0,0,gvclass is sure its eukaryotic,s_;g_;f_;o_;c_;p_Eukaryota;d_EUK,"EUK__Paramecium:1(50.00%),EUK__Gracilaria:1(50.00%)","EUK__Parameciidae:1(50.00%),EUK__Gracilariaceae:1(50.00%)","EUK__Peniculida:1(50.00%),EUK__Gracilariales:1(50.00%)","EUK__Oligohymenophorea:1(50.00%),EUK__Florideophyceae:1(50.00%)","EUK__Ciliophora:1(50.00%),EUK__Rhodophyta:1(50.00%)",EUK__Eukaryota:2(100.00%),EUK:2(100.00%),0,0,147893,148162,"0,18","146874, 4536",31.45,153,85.44,remove,yes,
Hade_18-Q3-R52-61,tig00016659-10-1249620,Hade_3,euk,FALSE,"0,85","2,54",124741,"0,10",118,16,18,1,,,,RNAPL:284.5,0,0,0,1,0,0,0,0,0,1,gvclass is sure its eukaryotic,s_;g_;f_;o_Oligohymenophorea;c_Ciliophora;p_Eukaryota;d_EUK,"EUK__Pseudocohnilembus:1(33.33%),EUK__Ichthyophthirius:1(33.33%),EUK__Paramecium:1(33.33%)","EUK__Pseudocohnilembidae:1(33.33%),EUK__Hymenostomatida_X:1(33.33%),EUK__Parameciidae:1(33.33%)","EUK__Philasterida:1(33.33%),EUK__Hymenostomatida:1(33.33%),EUK__Peniculida:1(33.33%)",EUK__Oligohymenophorea:3(100.00%),EUK__Ciliophora:3(100.00%),EUK__Eukaryota:3(100.00%),EUK:3(100.00%),0,0,124741,123276,"-1,17",,39.23,144,86.52,remove,yes,
Hade_18-Q3-R52-61,tig00026024-10-886960,Hade_4,missing markers,FALSE,"1,63","0,81",89112,"0,58",123,26,24,1,,,,"RNR:228.5,RNR:171.4",0,0,0,0,0,0,0,0,0,0,blastx says nitrosomas BUT has 1 pithovirus like gene in the middle,missing_markers,missing_markers,missing_markers,missing_markers,missing_markers,missing_markers,missing_markers,missing_markers,0,0,89112,97086,"8,95","86625, 1505",41.98,130,94.11,keep,,
Hade_18-Q3-R52-61,tig00045774-10-314080,Hade_5,Imitervirales,FALSE,"0,00","3,57",31437,"1,00",28,7,6,2,,,,"A32:82.7,VLTF3:82.9",0,0,0,0,0,0,0,0,0,0,"blastx says mostly non-virus stuff, with 1 VLT3-like hit",s_;g_;f_;o_;c_;p_;d_,"NCLDV__GVMAG-M-3300022752-33:1(50.00%),BAC__UBA729:1(50.00%)","NCLDV__g224:1(50.00%),BAC__UBA729:1(50.00%)","NCLDV__Mimiviridae:1(50.00%),BAC__Comchoanobacterales:1(50.00%)","NCLDV__Imitervirales:1(50.00%),BAC__Gammaproteobacteria:1(50.00%)","NCLDV__Megaviricetes:1(50.00%),BAC__Pseudomonadota:1(50.00%)","NCLDV__Nucleocytoviricota:1(50.00%),BAC__Bacteria:1(50.00%)","NCLDV:1(50.00%),BAC:1(50.00%)",2.25,1,31437,32454,"3,24","24470, 7123, 1822",41.1,32,84.05,remove,,
Hade_18-Q3-R52-61,tig01675315-10-333260,Hade_6,Yaravirales,FALSE,"0,00","0,00",33403,"0,27",36,4,4,1,1,tig01675314,,A32:122.3,0,0,0,0,0,0,0,1,0,1,no mcp found,s_Ga0073900_10000256;g_Yaravirus;f_Yaraviridae;o_Yaravirales;c_Mryaviricetes;p_Nucleocytoviricota;d_NCLDV,"NCLDV__NCLDV__Ga0073900_10000256:3(75.00%),NCLDV__NCLDV__Ga0206648_1000510:1(25.00%)",NCLDV__Yaravirus:4(100.00%),NCLDV__Yaraviridae:4(100.00%),NCLDV__Yaravirales:4(100.00%),NCLDV__Mryaviricetes:4(100.00%),NCLDV__Nucleocytoviricota:4(100.00%),NCLDV:4(100.00%),0,0,41561,35324,"-15,01",31134,41.49,61,82.17,keep,,
Hirt_18-Q3-R61-65,tig00034521-10-624310,Hirt_1,Asfuvirales,FALSE,"0,00","0,00",62504,"3,81",92,47,15,1,,,,RNAPS:398.4,0,0,0,0,0,0,0,0,0,0,blastx saus non-viral,s_;g_;f_;o_;c_;p_Eukaryota;d_EUK,"NCLDV__GVMAG-M-3300013005-64:1(33.33%),EUK__Chromeraceae:1(33.33%),EUK__Trimyema:1(33.33%)","NCLDV__g37:1(33.33%),EUK__Chromeraceae:1(33.33%),EUK__Trimyemidae:1(33.33%)","NCLDV__incertae_sedis:1(33.33%),EUK__Eukaryota_X:1(33.33%),EUK__Vestibuliferida:1(33.33%)","NCLDV__Asfuvirales:1(33.33%),EUK__Eukaryota_X:1(33.33%),EUK__Litostomatea:1(33.33%)","NCLDV__Pokkesviricetes:1(33.33%),EUK__Eukaryota_X:1(33.33%),EUK__Ciliophora:1(33.33%)","EUK__Eukaryota:2(66.67%),NCLDV__Nucleocytoviricota:1(33.33%)","EUK:2(66.67%),NCLDV:1(33.33%)",0,0,62504,79952,"27,92",,28.58,92,80.17,remove,,
Hirt_18-Q3-R61-65,tig00049282-10-417300,Hirt_2,Imitervirales,FALSE,"1,45","0,00",41024,"5,31",69,47,20,2,,,,"D5:276.7,D5:139.8,D5:137.2,mcp:134.0",1,0,0,0,0,0,0,1,0,2,,s_;g_;f_;o_Imitervirales;c_Megaviricetes;p_Nucleocytoviricota;d_NCLDV,"NCLDV__GVMAG-M-3300009706-33:2(50.00%),EUK__Poteriospumella:1(25.00%),NCLDV__GVMAG-S-3300012919-55:1(25.00%)","NCLDV__g294:2(50.00%),EUK__Dinobryaceae:1(25.00%),NCLDV__g342:1(25.00%)","NCLDV__IM_07:2(50.00%),EUK__Chromulinales:1(25.00%),NCLDV__Mesomimiviridae:1(25.00%)","NCLDV__Imitervirales:3(75.00%),EUK__Chrysophyceae:1(25.00%)","NCLDV__Megaviricetes:3(75.00%),EUK__Eukaryota_X:1(25.00%)","NCLDV__Nucleocytoviricota:3(75.00%),EUK__Eukaryota:1(25.00%)","NCLDV:3(75.00%),EUK:1(25.00%)",4.49,1.5,41024,51293,"25,03",,36.55,80,86.09,,,
Hirt_18-Q3-R61-65,tig00049704-10-328280,Hirt_3,euk,FALSE,"2,27","0,00",32972,"2,25",44,16,9,1,,,,mcp:339.8,1,0,0,0,0,0,0,0,0,1,gvclass is sure its eukaryotic,s_Gracilaria;g_Gracilariaceae;f_Gracilariales;o_Florideophyceae;c_Rhodophyta;p_Eukaryota;d_EUK,EUK__Gracilaria:1(100.00%),EUK__Gracilariaceae:1(100.00%),EUK__Gracilariales:1(100.00%),EUK__Florideophyceae:1(100.00%),EUK__Rhodophyta:1(100.00%),EUK__Eukaryota:1(100.00%),EUK:1(100.00%),0,0,32972,53319,"61,71",,65.53,49,79.8,remove,,
Hjor_18-Q3-R7-51,tig00001270-10-4746200,Hjor_1,Pimascovirales,FALSE,"4,23","0,00",474796,"2,19",450,162,114,8,,,,"D5:513.1,mRNAc:328.4,PolB:671.3,RNAPL:681.0,RNAPS:774.0,RNR:238.5,SFII:250.1,VLTF3:168.5",0,1,1,1,1,0,1,0,0,5,,s_;g_;f_PM_07;o_Pimascovirales;c_Megaviricetes;p_Nucleocytoviricota;d_NCLDV,"NCLDV__GVMAG-S-1096103-95:4(36.36%),NCLDV__GVMAG-S-1104514-73:4(36.36%),NCLDV__Hokovirus_HKV1_:1(9.09%),BAC__TMED-70:1(9.09%),NCLDV__Pithovirus_LCPAC104:1(9.09%)","NCLDV__g61:4(36.36%),NCLDV__g63:4(36.36%),NCLDV__g228-Klosneuvirinae:1(9.09%),BAC__TMED-70:1(9.09%),NCLDV__g67:1(9.09%)","NCLDV__PM_07:9(81.82%),NCLDV__Mimiviridae:1(9.09%),BAC__UBA1151:1(9.09%)","NCLDV__Pimascovirales:9(81.82%),NCLDV__Imitervirales:1(9.09%),BAC__Dehalococcoidia:1(9.09%)","NCLDV__Megaviricetes:10(90.91%),BAC__Chloroflexota:1(9.09%)","NCLDV__Nucleocytoviricota:10(90.91%),BAC__Bacteria:1(9.09%)","NCLDV:10(90.91%),BAC:1(9.09%)",70.83,1.12,474796,449040,"-5,42",,24.23,446,72.39,keep,yes,weird dip at like 80k
Hjor_18-Q3-R7-51,tig00019938-10-300610,Hjor_10,Imitervirales,FALSE,"4,35","0,00",30081,"0,69",23,5,5,1,,,,A32:84.8,0,0,0,0,0,0,0,0,0,0,"blastx is unsure, but mostly non-virus",s_;g_;f_;o_;c_;p_;d_,"NCLDV__ERX552243-80:1(50.00%),BAC__UBA729:1(50.00%)","NCLDV__g329:1(50.00%),BAC__UBA729:1(50.00%)","NCLDV__Mesomimiviridae:1(50.00%),BAC__Comchoanobacterales:1(50.00%)","NCLDV__Imitervirales:1(50.00%),BAC__Gammaproteobacteria:1(50.00%)","NCLDV__Megaviricetes:1(50.00%),BAC__Pseudomonadota:1(50.00%)","NCLDV__Nucleocytoviricota:1(50.00%),BAC__Bacteria:1(50.00%)","NCLDV:1(50.00%),BAC:1(50.00%)",2.25,1,30081,30607,"1,75",21916,49.21,23,93.62,remove,,
Hjor_18-Q3-R7-51,tig00003964-10-2978680,Hjor_2,Imitervirales,FALSE,"3,25","0,27",297055,"4,31",369,199,113,4,,,,"mRNAc:149.0,mRNAc:116.6,RNAPS:1286.0,RNR:464.8,SFII:379.8",0,1,1,0,0,0,1,0,0,3,,s_;g_;f_;o_Imitervirales;c_Megaviricetes;p_Nucleocytoviricota;d_NCLDV,"NCLDV__GVMAG-M-3300023112-4:3(33.33%),NCLDV__SRX474032-22:1(11.11%),EUK__Enterocytozoon:1(11.11%),NCLDV__GVMAG-M-3300020716-5:1(11.11%),NCLDV__GVMAG-M-3300027798-19:1(11.11%),NCLDV__GVMAG-M-3300023184-64:1(11.11%),NCLDV__GVMAG-S-ERX556126-98:1(11.11%)","NCLDV__g262:3(33.33%),NCLDV__g336:1(11.11%),EUK__Enterocytozoonidae:1(11.11%),NCLDV__g311:1(11.11%),NCLDV__g200:1(11.11%),NCLDV__g257:1(11.11%),NCLDV__g275:1(11.11%)","NCLDV__IM_13:4(44.44%),NCLDV__Mesomimiviridae:1(11.11%),EUK__Microsporidia_X:1(11.11%),NCLDV__Allomimiviridae:1(11.11%),NCLDV__IM_18:1(11.11%),NCLDV__IM_09:1(11.11%)","NCLDV__Imitervirales:8(88.89%),EUK__Microsporidia_X:1(11.11%)","NCLDV__Megaviricetes:8(88.89%),EUK__Microsporidia:1(11.11%)","NCLDV__Nucleocytoviricota:8(88.89%),EUK__Eukaryota:1(11.11%)","NCLDV:8(88.89%),EUK:1(11.11%)",41.57,1.11,297055,"4449, 312112",#VALUE!,"294278, 3566, 2831, 1464, 1270, 702",26.55,353,85.37,keep,,
Hjor_18-Q3-R7-51,tig00005142-10-1794980,Hjor_3,Imitervirales,FALSE,"3,78","0,00",179395,"4,45",239,126,65,5,,,,"A32:289.2,D5:727.4,mcp:577.0,mcp:243.5,mcp:102.6,mRNAc:497.5,VLTF3:199.5,VLTF3:108.3",1,0,0,0,0,1,0,1,1,4,,s_;g_;f_;o_Imitervirales;c_Megaviricetes;p_Nucleocytoviricota;d_NCLDV,"NCLDV__GVMAG-M-3300023112-4:3(25.00%),NCLDV__GVMAG-M-3300021958-5:3(25.00%),NCLDV__ERX555965-5:1(8.33%),BAC__PIVM01:1(8.33%),NCLDV__ERX556058-46:1(8.33%),NCLDV__GVMAG-M-3300017963-10:1(8.33%),NCLDV__SRX802202-7:1(8.33%),NCLDV__GVMAG-M-3300017952-11:1(8.33%)","NCLDV__g287:4(33.33%),NCLDV__g262:3(25.00%),NCLDV__g329:1(8.33%),BAC__PIVM01:1(8.33%),NCLDV__g260:1(8.33%),NCLDV__g265:1(8.33%),NCLDV__g310:1(8.33%)","NCLDV__IM_13:5(41.67%),NCLDV__IM_08:4(33.33%),NCLDV__Mesomimiviridae:1(8.33%),BAC__Pseudomonadales:1(8.33%),NCLDV__Allomimiviridae:1(8.33%)","NCLDV__Imitervirales:11(91.67%),BAC__Gammaproteobacteria:1(8.33%)","NCLDV__Megaviricetes:11(91.67%),BAC__Pseudomonadota:1(8.33%)","NCLDV__Nucleocytoviricota:11(91.67%),BAC__Bacteria:1(8.33%)","NCLDV:11(91.67%),BAC:1(8.33%)",40.45,1.19,179395,188691,"5,18",,27.07,229,82.85,keep,,
Hjor_18-Q3-R7-51,tig00005182-10-1360720,Hjor_4,Imitervirales,FALSE,"1,61","0,00",135466,"3,53",186,81,51,2,,,,"PolB:335.9,PolB:239.1,PolB:229.1,RNAPL:707.6,RNAPL:367.7",0,0,0,1,1,0,0,0,0,2,Imitervirales with polB are kept,s_;g_;f_IM_13;o_Imitervirales;c_Megaviricetes;p_Nucleocytoviricota;d_NCLDV,"NCLDV__GVMAG-M-3300011013-19:2(33.33%),NCLDV__GVMAG-M-3300005613-33:1(16.67%),NCLDV__SRX803008-78:1(16.67%),NCLDV__GVMAG-M-3300027788-41:1(16.67%),NCLDV__GVMAG-M-3300009706-33:1(16.67%)","NCLDV__g260:3(50.00%),NCLDV__g264:1(16.67%),NCLDV__g259:1(16.67%),NCLDV__g294:1(16.67%)","NCLDV__IM_13:5(83.33%),NCLDV__IM_07:1(16.67%)",NCLDV__Imitervirales:6(100.00%),NCLDV__Megaviricetes:6(100.00%),NCLDV__Nucleocytoviricota:6(100.00%),NCLDV:6(100.00%),17.98,1.31,135466,143268,"5,76","130399, 5363, 4449, 1912, 1268",26.09,182,83.56,keep,,
Hjor_18-Q3-R7-51,tig00005335-10-1743850,Hjor_5,Pimascovirales,FALSE,"1,76","0,35",173585,"2,08",285,100,54,2,,,,"PolB:239.4,PolB:236.5,SFII:183.7",0,1,0,0,1,1,0,1,0,4,,s_;g_;f_;o_Pimascovirales;c_Megaviricetes;p_Nucleocytoviricota;d_NCLDV,"NCLDV__GVMAG-M-3300024502-1:1(16.67%),NCLDV__Marseillevirus_LCMAC102:1(16.67%),NCLDV__GVMAG-S-1041349-163:1(16.67%),NCLDV__GVMAG-S-1015567-928:1(16.67%),NCLDV__Marseillevirus_LCMAC201:1(16.67%),NCLDV__Marseillevirus_LCMAC101:1(16.67%)","NCLDV__g96:1(16.67%),NCLDV__g47:1(16.67%),NCLDV__g43:1(16.67%),NCLDV__g45:1(16.67%),NCLDV__g77:1(16.67%),NCLDV__g48:1(16.67%)","NCLDV__PM_06:3(50.00%),NCLDV__PM_01:1(16.67%),NCLDV__incertae_sedis:1(16.67%),NCLDV__PM_09:1(16.67%)",NCLDV__Pimascovirales:6(100.00%),NCLDV__Megaviricetes:6(100.00%),NCLDV__Nucleocytoviricota:6(100.00%),NCLDV:6(100.00%),20.83,1.4,173585,190707,"9,86",,27.61,222,88.47,keep,,
Hjor_18-Q3-R7-51,tig00006159-10-1434770,Hjor_6,Imitervirales,FALSE,"2,15","0,00",143240,"3,42",186,95,64,1,,,,"mcp:292.1,mcp:123.1",1,0,0,0,0,0,0,0,0,1,,s_;g_;f_;o_Imitervirales;c_Megaviricetes;p_Nucleocytoviricota;d_NCLDV,"NCLDV__GVMAG-M-3300023112-4:1(33.33%),NCLDV__SRX802077-79:1(33.33%),NCLDV__ERX289005-28:1(33.33%)","NCLDV__g262:1(33.33%),NCLDV__g226:1(33.33%),NCLDV__g344:1(33.33%)","NCLDV__IM_13:1(33.33%),NCLDV__Mimiviridae:1(33.33%),NCLDV__Mesomimiviridae:1(33.33%)",NCLDV__Imitervirales:3(100.00%),NCLDV__Megaviricetes:3(100.00%),NCLDV__Nucleocytoviricota:3(100.00%),NCLDV:3(100.00%),19.1,1.18,143240,163150,"13,9","90148, 27706, 21902, 2557, 1488, 1308",26.61,177,80.56,,,
Hjor_18-Q3-R7-51,tig00007934-10-992370,Hjor_7,euk,FALSE,"1,65","0,00",99319,"0,70",122,24,25,1,,,,RNR:484.4,0,0,0,0,0,0,0,0,0,0,gvclass is sure its eukaryotic,s_Biecheleria;g_Biecheleriaceae;f_Suessiales;o_Dinophyceae;c_Eukaryota_X;p_Eukaryota;d_EUK,EUK__Biecheleria:1(100.00%),EUK__Biecheleriaceae:1(100.00%),EUK__Suessiales:1(100.00%),EUK__Dinophyceae:1(100.00%),EUK__Eukaryota_X:1(100.00%),EUK__Eukaryota:1(100.00%),EUK:1(100.00%),0,0,99319,107673,"8,41","97856, 1240",57.44,114,82.62,remove,,
Hjor_18-Q3-R7-51,tig00008388-10-1084230,Hjor_8,Pimascovirales,FALSE,"0,00","0,53",108375,"2,53",187,81,35,4,,,,"D5:212.4,D5:108.3,mcp:305.7,mRNAc:120.6,mRNAc:96.3,RNR:303.7",1,0,0,0,0,0,1,0,0,2,,s_;g_;f_PM_06;o_Pimascovirales;c_Megaviricetes;p_Nucleocytoviricota;d_NCLDV,"NCLDV__Marseillevirus_LCMAC102:2(50.00%),NCLDV__GVMAG-M-3300004806-7:1(25.00%),NCLDV__GVMAG-S-1015567-928:1(25.00%)","NCLDV__g47:2(50.00%),NCLDV__g314:1(25.00%),NCLDV__g45:1(25.00%)","NCLDV__PM_06:3(75.00%),NCLDV__Mesomimiviridae:1(25.00%)","NCLDV__Pimascovirales:3(75.00%),NCLDV__Imitervirales:1(25.00%)",NCLDV__Megaviricetes:4(100.00%),NCLDV__Nucleocytoviricota:4(100.00%),NCLDV:4(100.00%),20.83,1.6,108375,"81682, 7500",#VALUE!,,27.28,156,82.77,keep,,
Hjor_18-Q3-R7-51,tig00014177-10-455890,Hjor_9,Pimascovirales,FALSE,"1,32","1,32",45375,"3,58",76,32,15,2,,,,"RNAPL:395.3,RNAPL:254.0,VLTF3:157.3",0,0,0,1,0,0,0,0,0,1,,s_;g_;f_PM_06;o_Pimascovirales;c_Megaviricetes;p_Nucleocytoviricota;d_NCLDV,"NCLDV__GVMAG-S-1015567-928:4(50.00%),NCLDV__Marseillevirus_LCMAC101:1(12.50%),EUK__Cymbomonas:1(12.50%),EUK__Pyramimonas:1(12.50%),NCLDV__GVMAG-M-3300023184-165:1(12.50%)","NCLDV__g45:4(50.00%),EUK__Pyramimonadaceae:2(25.00%),NCLDV__g48:1(12.50%),NCLDV__g336:1(12.50%)","NCLDV__PM_06:5(62.50%),EUK__Pyramimonadales:2(25.00%),NCLDV__Mesomimiviridae:1(12.50%)","NCLDV__Pimascovirales:5(62.50%),EUK__Pyramimonadophyceae:2(25.00%),NCLDV__Imitervirales:1(12.50%)","NCLDV__Megaviricetes:6(75.00%),EUK__Chlorophyta:2(25.00%)","NCLDV__Nucleocytoviricota:6(75.00%),EUK__Eukaryota:2(25.00%)","NCLDV:6(75.00%),EUK:2(25.00%)",8.33,1,45375,54176,"19,4",,27.53,76,79.7,,,
Lyne_18-Q3-R50-59,"tig00008548-10-2363370, tig00083626-10-213970, tig01430575-10-4680, tig01430575-10-1830, tig01430576-10-247620, tig00002216-10-7292520",Lyne_1,Imitervirales,FALSE,"12,17","0,00",730104,"5,26",608,339,211,10,4,tig00083626|tig01430575|tig01430576|tig00008548,"RNAPL:387.4,RNAPS:293.6","A32:275.4,D5:543.4,mcp:521.4,mcp:253.1,mcp:156.1,mcp:131.3,mcp:81.6,mRNAc:580.0,PolB:824.4,RNAPL:1284.4,RNAPS:1064.8,RNR:369.8,SFII:348.5,VLTF3:319.6",1,1,1,1,1,1,1,1,1,9,,s_;g_g246-Megamimivirinae;f_Mimiviridae;o_Imitervirales;c_Megaviricetes;p_Nucleocytoviricota;d_NCLDV,"NCLDV__Tupanvirus_soda_lake_soda_lake:4(25.00%),NCLDV__Acanthamoeba_polyphaga_mimivirus_strain=Kroon:3(18.75%),NCLDV__GVMAG-M-3300020192-26:2(12.50%),NCLDV__Hokovirus_HKV1_:2(12.50%),NCLDV__GVMAG-S-1014582-52:2(12.50%),NCLDV__GVMAG-M-3300017963-13:1(6.25%),NCLDV__Powai_lake_megavirus_:1(6.25%),NCLDV__Mimivirus_sp-_SH_:1(6.25%)","NCLDV__g246-Megamimivirinae:13(81.25%),NCLDV__g228-Klosneuvirinae:2(12.50%),NCLDV__g248:1(6.25%)","NCLDV__Mimiviridae:15(93.75%),NCLDV__IM_14:1(6.25%)",NCLDV__Imitervirales:16(100.00%),NCLDV__Megaviricetes:16(100.00%),NCLDV__Nucleocytoviricota:16(100.00%),NCLDV:16(100.00%),65.17,1.5,1013497,"21108, 705094",#VALUE!,,24.22,788,84.26,keep,,
Lyne_18-Q3-R50-59,tig00053212-10-342040,Lyne_10,Imitervirales,FALSE,"0,00","4,55",33462,"8,33",44,34,13,3,,,,"A32:173.7,mcp:280.6,mcp:228.5,mcp:117.5,mcp:108.5,SFII:159.1",1,0,0,0,0,0,0,1,0,2,,s_;g_g246-Megamimivirinae;f_Mimiviridae;o_Imitervirales;c_Megaviricetes;p_Nucleocytoviricota;d_NCLDV,"NCLDV__GVMAG-S-1014582-52:2(33.33%),NCLDV__GVMAG-M-3300020192-26:2(33.33%),NCLDV__Mimivirus_LCMiAC01:2(33.33%)","NCLDV__g246-Megamimivirinae:4(66.67%),NCLDV__g232:2(33.33%)",NCLDV__Mimiviridae:6(100.00%),NCLDV__Imitervirales:6(100.00%),NCLDV__Megaviricetes:6(100.00%),NCLDV__Nucleocytoviricota:6(100.00%),NCLDV:6(100.00%),8.99,1.5,33462,49364,"47,52",,30.63,46,84.92,,,
Lyne_18-Q3-R50-59,tig00054597-10-349980,Lyne_11,Imitervirales,FALSE,"5,77","0,00",35128,"4,32",52,33,15,2,,,,"mcp:616.6,VLTF3:280.6",1,0,0,0,0,0,0,0,1,2,,s_;g_g246-Megamimivirinae;f_Mimiviridae;o_Imitervirales;c_Megaviricetes;p_Nucleocytoviricota;d_NCLDV,"NCLDV__GVMAG-M-3300020192-26:1(50.00%),NCLDV__Tupanvirus_soda_lake_soda_lake:1(50.00%)",NCLDV__g246-Megamimivirinae:2(100.00%),NCLDV__Mimiviridae:2(100.00%),NCLDV__Imitervirales:2(100.00%),NCLDV__Megaviricetes:2(100.00%),NCLDV__Nucleocytoviricota:2(100.00%),NCLDV:2(100.00%),4.49,1.25,35128,41694,"18,69",,31.88,65,73.7,,,
Lyne_18-Q3-R50-59,tig00014524-10-664180,Lyne_2,euk,FALSE,"0,00","1,56",66501,"0,48",64,9,10,1,,,,RNR:483.6,0,0,0,0,0,0,0,0,0,0,gvclass is sure its eukaryotic,s_Chromeraceae;g_Chromeraceae;f_Eukaryota_X;o_Eukaryota_X;c_Eukaryota_X;p_Eukaryota;d_EUK,EUK__Chromeraceae:1(100.00%),EUK__Chromeraceae:1(100.00%),EUK__Eukaryota_X:1(100.00%),EUK__Eukaryota_X:1(100.00%),EUK__Eukaryota_X:1(100.00%),EUK__Eukaryota:1(100.00%),EUK:1(100.00%),0,0,66501,70151,"5,49",,38.94,66,81.68,remove,,
Lyne_18-Q3-R50-59,tig00028055-10-821090,Lyne_3,missing markers,FALSE,"3,23","0,00",81579,"3,87",125,66,33,1,,,,D5:109.5,0,0,0,0,0,0,0,0,0,0,,missing_markers,missing_markers,missing_markers,missing_markers,missing_markers,missing_markers,missing_markers,missing_markers,0,0,81579,91487,"12,15",,31.38,127,79.93,,,
Lyne_18-Q3-R50-59,tig00030893-10-415010,Lyne_4,euk,FALSE,"0,00","3,70",41265,"0,08",54,3,4,1,,,,RNAPL:332.4,0,0,0,0,0,0,0,0,0,0,gvclass is sure its eukaryotic,s_Cyclidium;g_Cyclidiidae;f_Pleuronematida;o_Oligohymenophorea;c_Ciliophora;p_Eukaryota;d_EUK,EUK__Cyclidium:1(100.00%),EUK__Cyclidiidae:1(100.00%),EUK__Pleuronematida:1(100.00%),EUK__Oligohymenophorea:1(100.00%),EUK__Ciliophora:1(100.00%),EUK__Eukaryota:1(100.00%),EUK:1(100.00%),0,0,41265,41669,"0,98",,42.62,13,13.86,remove,,
Lyne_18-Q3-R50-59,tig00034193-10-541640,Lyne_5,missing markers,FALSE,"1,20","1,20",54151,"5,53",83,57,25,1,,,,"RNR:174.7,RNR:110.6",0,0,0,0,0,0,0,0,0,0,blastx is sure its tupanvirus soda lake,missing_markers,missing_markers,missing_markers,missing_markers,missing_markers,missing_markers,missing_markers,missing_markers,0,0,54151,70020,"29,31",,29.9,85,87.53,keep,,
Lyne_18-Q3-R50-59,tig00037126-10-536640,Lyne_6,Pimascovirales,FALSE,"2,70","0,00",53706,"2,30",74,30,20,1,,,,RNAPL:229.1,0,0,0,0,0,0,1,0,0,1,,s_;g_;f_;o_Pimascovirales;c_Megaviricetes;p_Nucleocytoviricota;d_NCLDV,"NCLDV__Invertebrate_iridescent_virus_30_:1(33.33%),NCLDV__GVMAG-M-3300023174-172:1(33.33%),EUK__Clydonella:1(33.33%)","NCLDV__g132:1(33.33%),NCLDV__g99:1(33.33%),EUK__Vannellidae:1(33.33%)","NCLDV__PM_02:1(33.33%),NCLDV__PM_01:1(33.33%),EUK__Flabellinia_X:1(33.33%)","NCLDV__Pimascovirales:2(66.67%),EUK__Flabellinia:1(33.33%)","NCLDV__Megaviricetes:2(66.67%),EUK__Discosea:1(33.33%)","NCLDV__Nucleocytoviricota:2(66.67%),EUK__Eukaryota:1(33.33%)","NCLDV:2(66.67%),EUK:1(33.33%)",0,0,53706,"58836, 19801, 15419",#VALUE!,,37.53,62,91.15,,yes,"repeat heavy region, blastx does not know anything"
Lyne_18-Q3-R50-59,tig00037355-10-370330,Lyne_7,Imitervirales,FALSE,"1,89","1,89",37117,"4,28",53,33,18,1,,,,"D5:357.6,D5:339.4",0,0,0,0,0,0,1,0,0,1,blastx is sure its tupanvirus soda lake,s_;g_;f_;o_;c_;p_Eukaryota;d_EUK,"NCLDV__Satyrvirus_sp-_:1(33.33%),EUK__Vannellida:1(33.33%),EUK__Rhizamoeba:1(33.33%)","NCLDV__g246-Megamimivirinae:1(33.33%),EUK__Vannellidae:1(33.33%),EUK__Flabellulidae:1(33.33%)","NCLDV__Mimiviridae:1(33.33%),EUK__Flabellinia_X:1(33.33%),EUK__Leptomyxida:1(33.33%)","NCLDV__Imitervirales:1(33.33%),EUK__Flabellinia:1(33.33%),EUK__Elardia:1(33.33%)","NCLDV__Megaviricetes:1(33.33%),EUK__Discosea:1(33.33%),EUK__Tubulinea:1(33.33%)","EUK__Eukaryota:2(66.67%),NCLDV__Nucleocytoviricota:1(33.33%)","EUK:2(66.67%),NCLDV:1(33.33%)",0,0,37117,51265,"38,12",,29.39,65,69.99,keep,,
Lyne_18-Q3-R50-59,tig00041513-10-421870,Lyne_8,missing markers,FALSE,"4,76","0,00",42271,"2,38",64,25,11,1,,,,D5:197.8,0,0,0,0,0,0,0,0,0,0,"blastx is unsure, but its surely viral",missing_markers,missing_markers,missing_markers,missing_markers,missing_markers,missing_markers,missing_markers,missing_markers,0,0,42271,51312,"21,39","16863, 16382, 2480",31.56,82,85.09,keep,,
Lyne_18-Q3-R50-59,tig00053056-10-469630,Lyne_9,missing markers,FALSE,"2,63","0,00",46728,"0,16",38,2,3,1,,,,"RNR:91.9,RNR:82.5",0,0,0,0,0,0,0,0,0,0,blastx says paramecium,missing_markers,missing_markers,missing_markers,missing_markers,missing_markers,missing_markers,missing_markers,missing_markers,0,0,46728,54217,"16,03",,41.8,26,21.84,remove,,
Mari_18-Q3-R65-66,tig00004036-10-3626190,Mari_1,Pimascovirales,FALSE,"2,00","0,00",362970,"3,17",502,253,149,6,,,,"A32:183.1,D5:252.8,D5:185.8,mcp:304.3,mRNAc:322.8,RNAPS:356.3,RNAPS:338.8,VLTF3:185.4",1,0,1,0,0,0,1,1,0,4,,s_Marseillevirus_LCMAC102;g_g47;f_PM_06;o_Pimascovirales;c_Megaviricetes;p_Nucleocytoviricota;d_NCLDV,"NCLDV__Marseillevirus_LCMAC102:6(66.67%),NCLDV__GVMAG-S-1015567-928:1(11.11%),NCLDV__GVMAG-M-3300005613-23:1(11.11%),EUK__Dinoflagellata:1(11.11%)","NCLDV__g47:6(66.67%),NCLDV__g45:1(11.11%),NCLDV__g49:1(11.11%),EUK__Blastodiniales_X:1(11.11%)","NCLDV__PM_06:8(88.89%),EUK__Blastodiniales:1(11.11%)","NCLDV__Pimascovirales:8(88.89%),EUK__Dinophyceae:1(11.11%)","NCLDV__Megaviricetes:8(88.89%),EUK__Eukaryota_X:1(11.11%)","NCLDV__Nucleocytoviricota:8(88.89%),EUK__Eukaryota:1(11.11%)","NCLDV:8(88.89%),EUK:1(11.11%)",41.67,1.6,362970,"8169, 163415, 216534",#VALUE!,"311132, 43710, 2738, 2102, 1096",27.31,438,87.33,keep,,
Mari_18-Q3-R65-66,tig00008538-10-1788250,Mari_2,Imitervirales,FALSE,"0,93","0,00",178878,"2,93",214,84,36,2,,,,"mRNAc:199.8,RNR:234.7",0,0,0,0,0,0,0,0,0,0,,s_;g_;f_;o_;c_;p_Nucleocytoviricota;d_NCLDV,"NCLDV__GVMAG-M-3300013004-50:1(20.00%),NCLDV__GVMAG-M-3300027833-19:1(20.00%),NCLDV__Pacmanvirus_A23_strain=A23:1(20.00%),MIRUS__MIRUS:1(20.00%),NCLDV__Dishui_Lake_large_algae_virus_1_:1(20.00%)","NCLDV__g295:1(20.00%),NCLDV__g28:1(20.00%),NCLDV__g20:1(20.00%),MIRUS__MIRUS:1(20.00%),NCLDV__g298:1(20.00%)","NCLDV__AF_01:2(40.00%),NCLDV__IM_07:1(20.00%),MIRUS__MIRUS:1(20.00%),NCLDV__Allomimiviridae:1(20.00%)","NCLDV__Imitervirales:2(40.00%),NCLDV__Asfuvirales:2(40.00%),MIRUS__MIRUS:1(20.00%)","NCLDV__Megaviricetes:2(40.00%),NCLDV__Pokkesviricetes:2(40.00%),MIRUS__MIRUS:1(20.00%)","NCLDV__Nucleocytoviricota:4(80.00%),MIRUS__MIRUS:1(20.00%)","NCLDV:4(80.00%),MIRUS:1(20.00%)",14.61,1.31,178878,"13356, 194603",#VALUE!,,28.81,219,87.47,,yes,"multiple repeats, many ""phophatidylinositol-4-phosphate 5-kinase CDS"" annotations"
Mari_18-Q3-R65-66,tig00009354-10-1325900,Mari_3,Pimascovirales,FALSE,"1,17","0,00",132998,"4,31",171,100,57,4,,,,"D5:600.0,PolB:347.1,PolB:244.7,RNAPL:603.6,RNAPL:398.2,SFII:167.9",0,1,0,1,1,0,0,0,0,3,,s_Marseillevirus_LCMAC102;g_g47;f_PM_06;o_Pimascovirales;c_Megaviricetes;p_Nucleocytoviricota;d_NCLDV,"NCLDV__Marseillevirus_LCMAC102:5(71.43%),NCLDV__GVMAG-M-3300005613-23:1(14.29%),NCLDV__Marseillevirus_LCMAC101:1(14.29%)","NCLDV__g47:5(71.43%),NCLDV__g49:1(14.29%),NCLDV__g48:1(14.29%)",NCLDV__PM_06:7(100.00%),NCLDV__Pimascovirales:7(100.00%),NCLDV__Megaviricetes:7(100.00%),NCLDV__Nucleocytoviricota:7(100.00%),NCLDV:7(100.00%),41.67,1.5,132998,160426,"20,62",131644,26.94,142,89.2,keep,,
Mari_18-Q3-R65-66,tig00010330-10-391290,Mari_4,Yaravirales,FALSE,"0,00","0,00",39253,"0,09",63,5,4,1,,,,A32:89.9,0,0,0,0,0,0,0,0,0,0,no mcp found,s_Ga0364574_11311;g_Yaravirus;f_Yaraviridae;o_Yaravirales;c_Mryaviricetes;p_Nucleocytoviricota;d_NCLDV,"NCLDV__NCLDV__Ga0364574_11311:2(66.67%),NCLDV__NCLDV__Ga0299906_10000416:1(33.33%)",NCLDV__Yaravirus:3(100.00%),NCLDV__Yaraviridae:3(100.00%),NCLDV__Yaravirales:3(100.00%),NCLDV__Mryaviricetes:3(100.00%),NCLDV__Nucleocytoviricota:3(100.00%),NCLDV:3(100.00%),0,0,39253,39143,"-0,28",39258,56.1,59,90.59,keep,,
Mari_18-Q3-R65-66,tig00024751-10-353000,Mari_5,Asfuvirales,FALSE,"0,00","0,00",35043,"2,10",46,18,12,1,,,,SFII:168.7,0,0,0,0,0,0,0,0,0,0,blastx says either fausto or african swine fever,s_;g_;f_;o_;c_;p_;d_,"EUK__Echinosteliopsis:1(25.00%),NCLDV__GVMAG-S-1035124-107:1(25.00%),NCLDV__GVMAG-M-3300013005-64:1(25.00%),EUK__Kipferlia:1(25.00%)","EUK__Echinosteliopsidaceae:1(25.00%),NCLDV__g36:1(25.00%),NCLDV__g37:1(25.00%),EUK__Fornicata_X:1(25.00%)","NCLDV__incertae_sedis:2(50.00%),EUK__Eumycetozoa_X:1(25.00%),EUK__Fornicata_X:1(25.00%)","NCLDV__Asfuvirales:2(50.00%),EUK__Eumycetozoa:1(25.00%),EUK__Fornicata_X:1(25.00%)","NCLDV__Pokkesviricetes:2(50.00%),EUK__Evosea:1(25.00%),EUK__Fornicata:1(25.00%)","EUK__Eukaryota:2(50.00%),NCLDV__Nucleocytoviricota:2(50.00%)","EUK:2(50.00%),NCLDV:2(50.00%)",0,0,35043,54598,"55,8",35467,28.88,43,84.83,keep,,
OdNE_18-Q3-R46-58,tig00000187-10-14157450,OdNE_1,Imitervirales,FALSE,"4,49","0,00",1417940,"3,45",1298,517,314,10,,,,"A32:284.2,D5:544.9,mcp:521.3,mcp:267.1,mcp:251.3,mcp:173.8,mRNAc:592.6,PolB:860.4,RNAPL:772.0,RNAPL:451.3,RNAPS:1118.4,RNR:346.7,SFII:352.0,VLTF3:297.9",1,1,1,1,1,1,1,1,1,9,,s_;g_g246-Megamimivirinae;f_Mimiviridae;o_Imitervirales;c_Megaviricetes;p_Nucleocytoviricota;d_NCLDV,"NCLDV__GVMAG-S-3300009084-161:5(27.78%),NCLDV__GVMAG-S-1014582-52:3(16.67%),NCLDV__Tupanvirus_soda_lake_soda_lake:2(11.11%),NCLDV__GVMAG-M-3300020192-26:2(11.11%),NCLDV__Powai_lake_megavirus_:2(11.11%),NCLDV__Acanthamoeba_polyphaga_mimivirus_strain=Oyster:1(5.56%),NCLDV__ERX552270-68:1(5.56%),NCLDV__Terrestrivirus_sp-_:1(5.56%),NCLDV__Acanthamoeba_polyphaga_mimivirus_strain=Kroon:1(5.56%)","NCLDV__g246-Megamimivirinae:16(88.89%),NCLDV__g247:1(5.56%),NCLDV__g239-Klosneuvirinae:1(5.56%)","NCLDV__Mimiviridae:17(94.44%),NCLDV__incertae_sedis:1(5.56%)",NCLDV__Imitervirales:18(100.00%),NCLDV__Megaviricetes:18(100.00%),NCLDV__Nucleocytoviricota:18(100.00%),NCLDV:18(100.00%),67.42,1.48,1417940,1510061,"6,5","829514, 311193, 307741, 14146, 1888, 1266, 1242",23.81,1216,77.28,keep,,
OdNE_18-Q3-R46-58,tig00012557-10-1224520,OdNE_2,euk,FALSE,"1,60","1,60",122467,"0,04",125,14,16,1,,,,RNAPL:284.4,0,0,0,1,0,0,0,0,0,1,gvclass is sure its eukaryotic,s_;g_;f_;o_Oligohymenophorea;c_Ciliophora;p_Eukaryota;d_EUK,"EUK__Ichthyophthirius:1(50.00%),EUK__Paramecium:1(50.00%)","EUK__Hymenostomatida_X:1(50.00%),EUK__Parameciidae:1(50.00%)","EUK__Hymenostomatida:1(50.00%),EUK__Peniculida:1(50.00%)",EUK__Oligohymenophorea:2(100.00%),EUK__Ciliophora:2(100.00%),EUK__Eukaryota:2(100.00%),EUK:2(100.00%),0,0,122467,"48090, 92145",#VALUE!,,39.33,138,85.46,remove,,
OdNE_18-Q3-R46-58,tig00024318-10-546070,OdNE_3,missing markers,FALSE,"1,47","4,41",54510,"0,16",68,4,5,1,,,,"RNR:240.9,RNR:95.7",0,0,0,0,0,0,0,0,0,0,"coding density is very weird, blastx says paramecium",missing_markers,missing_markers,missing_markers,missing_markers,missing_markers,missing_markers,missing_markers,missing_markers,0,0,54510,63837,"17,11",,41.4,47,22.09,remove,,
OdNW_18-Q3-R42-56,tig00002787-10-2711800,OdNW_1,Pimascovirales,FALSE,"4,62","0,00",271568,"2,86",195,89,67,5,,,,"PolB:654.6,RNAPS:788.3,RNR:231.6,SFII:260.5,VLTF3:176.8",0,1,1,0,1,0,0,0,0,3,,s_;g_;f_PM_07;o_Pimascovirales;c_Megaviricetes;p_Nucleocytoviricota;d_NCLDV,"NCLDV__GVMAG-S-1096103-95:3(37.50%),NCLDV__GVMAG-S-1104514-73:3(37.50%),NCLDV__Hokovirus_HKV1_:1(12.50%),NCLDV__Orpheovirus_IHUMI_LCC2_strain=IHUMI_LCC2:1(12.50%)","NCLDV__g61:3(37.50%),NCLDV__g63:3(37.50%),NCLDV__g228-Klosneuvirinae:1(12.50%),NCLDV__g59:1(12.50%)","NCLDV__PM_07:7(87.50%),NCLDV__Mimiviridae:1(12.50%)","NCLDV__Pimascovirales:7(87.50%),NCLDV__Imitervirales:1(12.50%)",NCLDV__Megaviricetes:8(100.00%),NCLDV__Nucleocytoviricota:8(100.00%),NCLDV:8(100.00%),45.83,01.09,271568,"26586, 258111",#VALUE!,271762,26.16,177,61.69,keep,,
OdNW_18-Q3-R42-56,tig00020145-10-388880,OdNW_10,Pimascovirales,FALSE,"0,00","0,00",38964,"3,13",44,17,10,1,,,,D5:432.6,0,0,0,0,0,0,0,0,0,0,,s_Solivirus_sp-_;g_g54;f_PM_07;o_Pimascovirales;c_Megaviricetes;p_Nucleocytoviricota;d_NCLDV,"NCLDV__Solivirus_sp-_:2(66.67%),EUK__Siedleckia:1(33.33%)","NCLDV__g54:2(66.67%),EUK__Siedleckiidae:1(33.33%)","NCLDV__PM_07:2(66.67%),EUK__Eugregarinorida:1(33.33%)","NCLDV__Pimascovirales:2(66.67%),EUK__Conoidasida:1(33.33%)","NCLDV__Megaviricetes:2(66.67%),EUK__Apicomplexa:1(33.33%)","NCLDV__Nucleocytoviricota:2(66.67%),EUK__Eukaryota:1(33.33%)","NCLDV:2(66.67%),EUK:1(33.33%)",12.5,1,38964,"43960, 6199",#VALUE!,,31.46,44,84.25,,yes,
OdNW_18-Q3-R42-56,tig00039061-10-521280,OdNW_11,Pimascovirales,FALSE,"1,43","0,00",52142,"2,60",71,25,15,2,,,,"RNAPL:460.8,RNAPL:280.3,RNAPS:572.4,RNAPS:275.3",0,0,1,1,0,0,0,0,0,2,,s_Solivirus_sp-_;g_g54;f_PM_07;o_Pimascovirales;c_Megaviricetes;p_Nucleocytoviricota;d_NCLDV,"NCLDV__Solivirus_sp-_:3(75.00%),NCLDV__GVMAG-M-3300025572-1:1(25.00%)","NCLDV__g54:3(75.00%),NCLDV__g53:1(25.00%)",NCLDV__PM_07:4(100.00%),NCLDV__Pimascovirales:4(100.00%),NCLDV__Megaviricetes:4(100.00%),NCLDV__Nucleocytoviricota:4(100.00%),NCLDV:4(100.00%),8.33,1,52142,56680,"8,7","28558, 17580, 9506, 3016, 1107, 934, 724",28.38,57,91.81,,yes,
OdNW_18-Q3-R42-56,tig00005864-10-1477180,OdNW_2,Pimascovirales,FALSE,"0,57","0,00",147413,"2,28",174,68,42,4,,,,"mRNAc:290.7,RNR:213.2,SFII:224.3,VLTF3:80.4",0,1,0,0,0,0,1,0,0,2,,s_Solivirus_sp-_;g_g54;f_PM_07;o_Pimascovirales;c_Megaviricetes;p_Nucleocytoviricota;d_NCLDV,"NCLDV__Solivirus_sp-_:4(66.67%),NCLDV__GVMAG-M-3300023210-3:1(16.67%),NCLDV__Pithovirus_LCDPAC01:1(16.67%)","NCLDV__g54:4(66.67%),NCLDV__g91:1(16.67%),NCLDV__g55:1(16.67%)","NCLDV__PM_07:5(83.33%),NCLDV__PM_01:1(16.67%)",NCLDV__Pimascovirales:6(100.00%),NCLDV__Megaviricetes:6(100.00%),NCLDV__Nucleocytoviricota:6(100.00%),NCLDV:6(100.00%),12.5,1.33,147413,158671,"7,64",,30.55,146,90.57,keep,yes,
OdNW_18-Q3-R42-56,tig00006802-10-1794120,OdNW_3,Pandoravirales,FALSE,"2,83","0,40",179713,"0,46",247,64,53,2,,,,"A32:81.8,mcp:188.2",1,0,0,0,0,0,0,1,0,2,,s_;g_;f_;o_;c_Megaviricetes;p_Nucleocytoviricota;d_NCLDV,"NCLDV__GVMAG-M-3300017989-17:1(33.33%),NCLDV__SRX696246-4:1(33.33%),EUK__Pyramimonas:1(33.33%)","NCLDV__g136:1(33.33%),NCLDV__g233-Klosneuvirinae:1(33.33%),EUK__Pyramimonadaceae:1(33.33%)","NCLDV__incertae_sedis:1(33.33%),NCLDV__Mimiviridae:1(33.33%),EUK__Pyramimonadales:1(33.33%)","NCLDV__Pandoravirales:1(33.33%),NCLDV__Imitervirales:1(33.33%),EUK__Pyramimonadophyceae:1(33.33%)","NCLDV__Megaviricetes:2(66.67%),EUK__Chlorophyta:1(33.33%)","NCLDV__Nucleocytoviricota:2(66.67%),EUK__Eukaryota:1(33.33%)","NCLDV:2(66.67%),EUK:1(33.33%)",0,0,179713,190624,"6,07","105146, 69166, 3206, 1189, 953",37.19,240,85.29,keep,,
OdNW_18-Q3-R42-56,tig00007453-10-1533670,OdNW_4,Imitervirales,FALSE,"3,09","0,00",153899,"1,62",162,48,27,2,,,,"A32:131.5,RNAPL:1029.2",0,0,0,1,0,0,0,1,0,2,"blastx is unsure, trebouxia (euk) some sylvanvirus",s_;g_;f_;o_;c_;p_;d_,"NCLDV__GVMAG-M-3300024258-14:1(50.00%),EUK__Cavostelium:1(50.00%)","NCLDV__g336:1(50.00%),EUK__Cavosteliaceae:1(50.00%)","NCLDV__Mesomimiviridae:1(50.00%),EUK__Cavosteliida:1(50.00%)","NCLDV__Imitervirales:1(50.00%),EUK__Variosea:1(50.00%)","NCLDV__Megaviricetes:1(50.00%),EUK__Evosea:1(50.00%)","NCLDV__Nucleocytoviricota:1(50.00%),EUK__Eukaryota:1(50.00%)","NCLDV:1(50.00%),EUK:1(50.00%)",3.37,1,153899,159675,"3,75","94304, 53041, 1391, 971, 458",38.26,127,91.01,keep,,
OdNW_18-Q3-R42-56,tig00007828-10-1024470,OdNW_5,euk,FALSE,"4,39","0,00",102798,"1,41",115,30,24,1,,,,"RNAPS:565.0,RNAPS:430.6",0,0,1,0,0,0,0,0,0,1,gvclass is sure its eukaryotic,s_Acanthamoeba;g_Acanthamoebidae;f_Longamoebia;o_Discosea_X;c_Discosea;p_Eukaryota;d_EUK,EUK__Acanthamoeba:1(100.00%),EUK__Acanthamoebidae:1(100.00%),EUK__Longamoebia:1(100.00%),EUK__Discosea_X:1(100.00%),EUK__Discosea:1(100.00%),EUK__Eukaryota:1(100.00%),EUK:1(100.00%),0,0,102798,107851,"4,92",,38.25,113,88.71,remove,,
OdNW_18-Q3-R42-56,tig00010390-10-1211730,OdNW_6,missing markers,FALSE,"0,72","1,43",120941,"0,03",140,9,11,1,,,,"RNR:239.0,RNR:95.7",0,0,0,0,0,0,0,0,0,0,"coding density is very weird, blastx says parameciuum",missing_markers,missing_markers,missing_markers,missing_markers,missing_markers,missing_markers,missing_markers,missing_markers,0,0,120941,122556,"1,34",,42.21,185,55.07,remove,,
OdNW_18-Q3-R42-56,tig00011771-10-681400,OdNW_7,Pimascovirales,FALSE,"0,00","0,00",68078,"4,19",42,19,13,2,,,,"mRNAc:336.1,RNAPL:693.2",0,0,0,1,0,0,0,0,0,1,,s_GVMAG-S-1104514-73;g_g63;f_PM_07;o_Pimascovirales;c_Megaviricetes;p_Nucleocytoviricota;d_NCLDV,NCLDV__GVMAG-S-1104514-73:1(100.00%),NCLDV__g63:1(100.00%),NCLDV__PM_07:1(100.00%),NCLDV__Pimascovirales:1(100.00%),NCLDV__Megaviricetes:1(100.00%),NCLDV__Nucleocytoviricota:1(100.00%),NCLDV:1(100.00%),4.17,1,68078,"69545, 32482",#VALUE!,67866,26.94,48,77.7,,,
OdNW_18-Q3-R42-56,tig00016084-10-582800,OdNW_8,Imitervirales,FALSE,"2,30","0,00",58657,"1,98",87,36,28,2,,,,"RNR:461.0,SFII:261.4",0,1,0,0,0,0,0,0,0,1,,s_GVMAG-M-3300005613-29;g_g257;f_IM_13;o_Imitervirales;c_Megaviricetes;p_Nucleocytoviricota;d_NCLDV,NCLDV__GVMAG-M-3300005613-29:1(100.00%),NCLDV__g257:1(100.00%),NCLDV__IM_13:1(100.00%),NCLDV__Imitervirales:1(100.00%),NCLDV__Megaviricetes:1(100.00%),NCLDV__Nucleocytoviricota:1(100.00%),NCLDV:1(100.00%),4.49,1,58657,62890,"7,22","55623, 3238, 3120, 1411",35.91,81,87.28,,,
OdNW_18-Q3-R42-56,tig00020106-10-485590,OdNW_9,euk,FALSE,"1,89","1,89",48739,"1,12",53,15,17,1,,,,PolB:476.1,0,0,0,0,1,0,0,0,0,1,"blastx is unsure, but I think its non-viral",s_;g_;f_;o_;c_;p_;d_,"ARC__Methanothermobacter_A:1(50.00%),EUK__Paradermamoeba:1(50.00%)","ARC__Methanothermobacteraceae_A:1(50.00%),EUK__Longamoebia_X:1(50.00%)","ARC__Methanobacteriales:1(50.00%),EUK__Longamoebia:1(50.00%)","ARC__Methanobacteria:1(50.00%),EUK__Discosea_X:1(50.00%)","ARC__Methanobacteriota:1(50.00%),EUK__Discosea:1(50.00%)","ARC__Archaea:1(50.00%),EUK__Eukaryota:1(50.00%)","ARC:1(50.00%),EUK:1(50.00%)",0,0,48739,54331,"11,47",47527,37.16,66,89.96,remove,,
Rand_18-Q3-R56-63,tig00000600-10-6272120,Rand_1,Imitervirales,FALSE,"2,48","0,00",627170,"3,42",730,401,256,4,,,,"D5:294.1,D5:206.3,D5:199.9,D5:144.2,RNAPL:405.7,RNAPL:261.7,RNAPS:287.8,RNAPS:229.6,SFII:243.6",0,1,1,1,0,1,0,0,0,4,,s_;g_;f_IM_14;o_Imitervirales;c_Megaviricetes;p_Nucleocytoviricota;d_NCLDV,"NCLDV__GVMAG-M-3300014204-73:4(28.57%),NCLDV__GVMAG-M-3300017963-13:4(28.57%),NCLDV__GVMAG-S-1059906-5:1(7.14%),NCLDV__SRX327520-277:1(7.14%),NCLDV__GVMAG-M-3300023184-66:1(7.14%),BAC__JABJEI01:1(7.14%),NCLDV__GVMAG-M-3300023179-68:1(7.14%),NCLDV__SRX559902-76:1(7.14%)","NCLDV__g250:5(35.71%),NCLDV__g248:4(28.57%),NCLDV__g208:1(7.14%),NCLDV__g236:1(7.14%),NCLDV__g85:1(7.14%),BAC__JABJEI01:1(7.14%),NCLDV__g341:1(7.14%)","NCLDV__IM_14:9(64.29%),NCLDV__incertae_sedis:1(7.14%),NCLDV__Mimiviridae:1(7.14%),NCLDV__PM_01:1(7.14%),BAC__Babeliales:1(7.14%),NCLDV__Mesomimiviridae:1(7.14%)","NCLDV__Imitervirales:12(85.71%),NCLDV__Pimascovirales:1(7.14%),BAC__Babeliae:1(7.14%)","NCLDV__Megaviricetes:13(92.86%),BAC__Dependentiae:1(7.14%)","NCLDV__Nucleocytoviricota:13(92.86%),BAC__Bacteria:1(7.14%)","NCLDV:13(92.86%),BAC:1(7.14%)",32.58,1.52,627170,645285,"2,89","299310, 273144, 44127, 3620, 3349, 1301",26.73,647,87.86,keep,,
Rand_18-Q3-R56-63,tig00008018-10-907750,Rand_2,Imitervirales,FALSE,"4,35","0,00",91004,"4,33",138,71,34,1,,,,mcp:531.4,1,0,0,0,0,0,0,0,0,1,,s_GVMAG-M-3300009169-14;g_g250;f_IM_14;o_Imitervirales;c_Megaviricetes;p_Nucleocytoviricota;d_NCLDV,NCLDV__GVMAG-M-3300009169-14:1(100.00%),NCLDV__g250:1(100.00%),NCLDV__IM_14:1(100.00%),NCLDV__Imitervirales:1(100.00%),NCLDV__Megaviricetes:1(100.00%),NCLDV__Nucleocytoviricota:1(100.00%),NCLDV:1(100.00%),29.21,1.23,91004,106041,"16,52","87531, 1848, 1178, 897",24.84,140,90.22,,,
Rand_18-Q3-R56-63,tig00009610-10-804530,Rand_3,Imitervirales,FALSE,"1,75","0,00",80301,"3,56",116,62,31,1,,,,mRNAc:155.6,0,0,0,0,1,0,0,0,0,1,Imitervirales with polB are kept,s_GVMAG-M-3300017963-13;g_g248;f_IM_14;o_Imitervirales;c_Megaviricetes;p_Nucleocytoviricota;d_NCLDV,"NCLDV__GVMAG-M-3300017963-13:2(66.67%),NCLDV__SRX559902-76:1(33.33%)","NCLDV__g248:2(66.67%),NCLDV__g250:1(33.33%)",NCLDV__IM_14:3(100.00%),NCLDV__Imitervirales:3(100.00%),NCLDV__Megaviricetes:3(100.00%),NCLDV__Nucleocytoviricota:3(100.00%),NCLDV:3(100.00%),6.74,1.17,80301,83882,"4,46",,25.48,102,90.73,keep,,
Rand_18-Q3-R56-63,tig00014540-10-465030,Rand_4,euk,FALSE,"2,44","0,00",47190,"0,87",41,7,4,1,,,,RNAPL:481.5,0,0,0,0,0,0,0,0,0,0,gvclass is sure its eukaryotic,s_Blepharisma;g_Blepharismidae;f_Heterotrichida;o_Heterotrichea;c_Ciliophora;p_Eukaryota;d_EUK,EUK__Blepharisma:1(100.00%),EUK__Blepharismidae:1(100.00%),EUK__Heterotrichida:1(100.00%),EUK__Heterotrichea:1(100.00%),EUK__Ciliophora:1(100.00%),EUK__Eukaryota:1(100.00%),EUK:1(100.00%),0,0,47190,"53322, 6516",#VALUE!,"44309, 2123",48.31,44,81.34,remove,,
Skiv_18-Q3-R9-52,tig00017206-10-953750,Skiv_1,missing markers,FALSE,"0,68","0,00",95658,"1,58",149,40,15,2,,,,"D5:159.0,mRNAc:178.5",0,0,0,0,0,0,0,0,0,0,"blastx has mixed results, but I think either african swine virus or klosneuvirus",missing_markers,missing_markers,missing_markers,missing_markers,missing_markers,missing_markers,missing_markers,missing_markers,0,0,95658,114835,"20,05",,32.05,143,82.37,keep,,
Skiv_18-Q3-R9-52,tig00018424-10-768110,Skiv_2,Imitervirales,FALSE,"0,92","0,00",77340,"3,86",109,56,23,2,,,,"A32:102.0,RNR:334.6",0,0,0,0,0,0,0,1,0,1,blastx says pacmanvirus,s_;g_;f_;o_;c_;p_Nucleocytoviricota;d_NCLDV,"NCLDV__GVMAG-M-3300013004-50:1(50.00%),NCLDV__Pacmanvirus_A23_strain=A23:1(50.00%)","NCLDV__g295:1(50.00%),NCLDV__g20:1(50.00%)","NCLDV__IM_07:1(50.00%),NCLDV__AF_01:1(50.00%)","NCLDV__Imitervirales:1(50.00%),NCLDV__Asfuvirales:1(50.00%)","NCLDV__Megaviricetes:1(50.00%),NCLDV__Pokkesviricetes:1(50.00%)",NCLDV__Nucleocytoviricota:2(100.00%),NCLDV:2(100.00%),7.87,1,77340,84261,"8,95",,32.07,108,88.41,keep,,
Skiv_18-Q3-R9-52,tig00023008-10-884050,Skiv_3,Imitervirales,FALSE,"0,71","0,00",88354,"5,19",142,92,33,4,,,,"A32:137.5,mcp:395.3,mcp:122.8,mRNAc:416.7,mRNAc:150.6,VLTF3:248.7",1,0,0,0,0,0,1,1,1,4,,s_;g_g246-Megamimivirinae;f_Mimiviridae;o_Imitervirales;c_Megaviricetes;p_Nucleocytoviricota;d_NCLDV,"NCLDV__GVMAG-M-3300020192-26:1(25.00%),NCLDV__Mimivirus_sp-_SH_:1(25.00%),EUK__Tetrabaena:1(25.00%),NCLDV__GVMAG-S-1014582-52:1(25.00%)","NCLDV__g246-Megamimivirinae:3(75.00%),EUK__Tetrabaenaceae:1(25.00%)","NCLDV__Mimiviridae:3(75.00%),EUK__Chlamydomonadales:1(25.00%)","NCLDV__Imitervirales:3(75.00%),EUK__Chlorophyceae:1(25.00%)","NCLDV__Megaviricetes:3(75.00%),EUK__Chlorophyta:1(25.00%)","NCLDV__Nucleocytoviricota:3(75.00%),EUK__Eukaryota:1(25.00%)","NCLDV:3(75.00%),EUK:1(25.00%)",20.22,1.33,88354,94586,"7,05",,25.28,116,86.43,keep,,
Skiv_18-Q3-R9-52,tig00025741-10-668720,Skiv_4,Asfuvirales,FALSE,"0,00","0,00",66735,"1,25",108,27,14,1,,,,"RNAPL:226.6,RNAPL:209.6",0,0,0,0,0,0,0,0,0,0,,s_;g_;f_AF_01;o_Asfuvirales;c_Pokkesviricetes;p_Nucleocytoviricota;d_NCLDV,"NCLDV__African_swine_fever_virus_Georgia_2007/1_strain=Georgia_2007/1:2(50.00%),NCLDV__ERX552270-16:1(25.00%),NCLDV__Pacmanvirus_A23_strain=A23:1(25.00%)","NCLDV__g26:2(50.00%),NCLDV__g38:1(25.00%),NCLDV__g20:1(25.00%)","NCLDV__AF_01:3(75.00%),NCLDV__incertae_sedis:1(25.00%)",NCLDV__Asfuvirales:4(100.00%),NCLDV__Pokkesviricetes:4(100.00%),NCLDV__Nucleocytoviricota:4(100.00%),NCLDV:4(100.00%),6.9,1,66735,72388,"8,47",,31.28,102,82.75,,,
Skiv_18-Q3-R9-52,tig00033501-10-548230,Skiv_5,Asfuvirales,FALSE,"0,00","3,80",54969,"4,16",79,37,16,1,,,,SFII:155.6,0,1,0,0,0,0,0,0,0,1,,s_Kaumoebavirus_Sc;g_g16;f_AF_01;o_Asfuvirales;c_Pokkesviricetes;p_Nucleocytoviricota;d_NCLDV,NCLDV__Kaumoebavirus_Sc:1(100.00%),NCLDV__g16:1(100.00%),NCLDV__AF_01:1(100.00%),NCLDV__Asfuvirales:1(100.00%),NCLDV__Pokkesviricetes:1(100.00%),NCLDV__Nucleocytoviricota:1(100.00%),NCLDV:1(100.00%),13.79,1.75,54969,35690,"-35,07",53873,31.27,76,85.28,,,
Skiv_18-Q3-R9-52,tig00035701-10-384330,Skiv_6,Imitervirales,FALSE,"1,59","0,00",38165,"4,07",63,32,17,1,,,,SFII:158.7,0,1,0,0,0,0,0,0,0,1,,s_;g_;f_;o_Imitervirales;c_Megaviricetes;p_Nucleocytoviricota;d_NCLDV,"NCLDV__GVMAG-S-1014582-52:1(50.00%),NCLDV__GVMAG-S-1035082-55:1(50.00%)","NCLDV__g246-Megamimivirinae:1(50.00%),NCLDV__g335:1(50.00%)","NCLDV__Mimiviridae:1(50.00%),NCLDV__Mesomimiviridae:1(50.00%)",NCLDV__Imitervirales:2(100.00%),NCLDV__Megaviricetes:2(100.00%),NCLDV__Nucleocytoviricota:2(100.00%),NCLDV:2(100.00%),7.87,1.29,38165,38958,"2,08",,24.49,61,78.28,,,
Skiv_18-Q3-R9-52,tig00059359-10-386060,Skiv_7,Imitervirales,FALSE,"1,64","0,00",38047,"2,57",61,27,18,1,,,,"RNAPL:383.4,RNAPL:366.7",0,0,0,1,1,1,0,0,0,3,Imitervirales with polB are kept,s_;g_g246-Megamimivirinae;f_Mimiviridae;o_Imitervirales;c_Megaviricetes;p_Nucleocytoviricota;d_NCLDV,"NCLDV__GVMAG-S-3300009084-161:2(28.57%),NCLDV__Acanthamoeba_polyphaga_mimivirus_strain=Kroon:1(14.29%),NCLDV__Edafosvirus_sp-_:1(14.29%),NCLDV__Acanthamoeba_polyphaga_mimivirus_strain=Oyster:1(14.29%),NCLDV__ERX555931-51:1(14.29%),NCLDV__Acanthamoeba_polyphaga_moumouvirus_strain=M10A:1(14.29%)","NCLDV__g246-Megamimivirinae:5(71.43%),NCLDV__g238-Klosneuvirinae:1(14.29%),NCLDV__g274:1(14.29%)","NCLDV__Mimiviridae:6(85.71%),NCLDV__IM_09:1(14.29%)",NCLDV__Imitervirales:7(100.00%),NCLDV__Megaviricetes:7(100.00%),NCLDV__Nucleocytoviricota:7(100.00%),NCLDV:7(100.00%),5.62,1.2,38047,61927,"62,76",,25.9,60,74.94,keep,,
Vibo_18-Q3-R45-57,tig00003214-10-1505520,Vibo_1,euk,FALSE,"1,21","0,00",150861,"1,73",165,44,23,1,,,,mRNAc:174.4,0,0,0,0,0,0,0,0,0,0,gvclass is sure its eukaryotic,s_Trypanosoma;g_Trypanosomatidae;f_Trypanosomatida;o_Kinetoplastea;c_Euglenozoa;p_Eukaryota;d_EUK,EUK__Trypanosoma:1(100.00%),EUK__Trypanosomatidae:1(100.00%),EUK__Trypanosomatida:1(100.00%),EUK__Kinetoplastea:1(100.00%),EUK__Euglenozoa:1(100.00%),EUK__Eukaryota:1(100.00%),EUK:1(100.00%),0,0,150861,"5518, 156637",#VALUE!,"94992, 37919, 8339, 2519, 1796, 498, 472, 253, 211",35.25,141,89.87,remove,,
Vibo_18-Q3-R45-57,tig00003875-10-1633940,Vibo_2,Asfuvirales,FALSE,"1,49","0,00",163601,"2,19",201,66,37,3,,,,"mRNAc:105.8,RNR:266.6,SFII:211.1",0,1,0,0,0,0,0,0,0,1,,s_;g_;f_;o_Asfuvirales;c_Pokkesviricetes;p_Nucleocytoviricota;d_NCLDV,"NCLDV__GVMAG-S-3300002466-141:1(33.33%),NCLDV__GVMAG-M-3300013005-64:1(33.33%),NCLDV__ERX552261-5:1(33.33%)","NCLDV__g15:1(33.33%),NCLDV__g37:1(33.33%),NCLDV__g107:1(33.33%)","NCLDV__AF_01:1(33.33%),NCLDV__incertae_sedis:1(33.33%),NCLDV__PM_01:1(33.33%)","NCLDV__Asfuvirales:2(66.67%),NCLDV__Pimascovirales:1(33.33%)","NCLDV__Pokkesviricetes:2(66.67%),NCLDV__Megaviricetes:1(33.33%)",NCLDV__Nucleocytoviricota:3(100.00%),NCLDV:3(100.00%),24.14,1.14,163601,176785,"8,06",161805,34.55,201,89.31,,,
Vibo_18-Q3-R45-57,tig00005761-10-793380,Vibo_3,Asfuvirales,FALSE,"2,63","0,00",79492,"5,60",76,39,14,3,,,,"mcp:170.7,PolB:411.1,RNAPL:939.8",1,0,0,1,1,0,1,0,0,4,,s_;g_;f_AF_02;o_Asfuvirales;c_Pokkesviricetes;p_Nucleocytoviricota;d_NCLDV,"NCLDV__SRX802963-109:2(50.00%),NCLDV__GVMAG-S-3300009702-144:1(25.00%),NCLDV__GVMAG-M-3300023174-161:1(25.00%)","NCLDV__g33:2(50.00%),NCLDV__g29:1(25.00%),NCLDV__g32:1(25.00%)",NCLDV__AF_02:4(100.00%),NCLDV__Asfuvirales:4(100.00%),NCLDV__Pokkesviricetes:4(100.00%),NCLDV__Nucleocytoviricota:4(100.00%),NCLDV:4(100.00%),31.03,1.11,79492,"5666, 85442",#VALUE!,"53526, 13700, 4446, 2282",36.92,76,89.56,keep,,
Vibo_18-Q3-R45-57,tig00006635-10-756090,Vibo_4,Asfuvirales,FALSE,"1,19","0,00",75849,"6,16",85,39,12,1,,,,D5:316.8,0,0,0,0,0,1,0,0,0,1,,s_;g_;f_incertae_sedis;o_Asfuvirales;c_Pokkesviricetes;p_Nucleocytoviricota;d_NCLDV,"NCLDV__GVMAG-M-3300013004-50:1(20.00%),NCLDV__SRX802963-109:1(20.00%),NCLDV__ERX552270-16:1(20.00%),NCLDV__GVMAG-M-3300013005-64:1(20.00%),NCLDV__GVMAG-M-3300024062-1:1(20.00%)","NCLDV__g295:1(20.00%),NCLDV__g33:1(20.00%),NCLDV__g38:1(20.00%),NCLDV__g37:1(20.00%),NCLDV__g14:1(20.00%)","NCLDV__incertae_sedis:3(60.00%),NCLDV__IM_07:1(20.00%),NCLDV__AF_02:1(20.00%)","NCLDV__Asfuvirales:4(80.00%),NCLDV__Imitervirales:1(20.00%)","NCLDV__Pokkesviricetes:4(80.00%),NCLDV__Megaviricetes:1(20.00%)",NCLDV__Nucleocytoviricota:5(100.00%),NCLDV:5(100.00%),27.59,1.25,75849,"15054, 2340, 71672, 5501, 2650",#VALUE!,"42548, 32035",35.39,85,88.74,,,
Viby_18-Q3-R106-67,tig00003089-10-1591420,Viby_1,Imitervirales,FALSE,"4,05","0,00",159660,"2,72",173,70,34,1,,,,D5:544.9,0,0,0,0,0,0,0,0,0,0,,s_GVMAG-S-1014582-52;g_g246-Megamimivirinae;f_Mimiviridae;o_Imitervirales;c_Megaviricetes;p_Nucleocytoviricota;d_NCLDV,NCLDV__GVMAG-S-1014582-52:1(100.00%),NCLDV__g246-Megamimivirinae:1(100.00%),NCLDV__Mimiviridae:1(100.00%),NCLDV__Imitervirales:1(100.00%),NCLDV__Megaviricetes:1(100.00%),NCLDV__Nucleocytoviricota:1(100.00%),NCLDV:1(100.00%),5.62,1,159660,189428,"18,64","157796, 1723, 1273, 1253, 1167, 1003, 1000",24.64,133,89.3,,,
Viby_18-Q3-R106-67,tig00003941-10-1214300,Viby_2,Imitervirales,FALSE,"4,27","0,00",121865,"6,68",117,79,39,2,,,,"mcp:270.5,mcp:254.1,mcp:131.7,mRNAc:592.6",1,0,0,0,0,0,1,0,0,2,,s_;g_g246-Megamimivirinae;f_Mimiviridae;o_Imitervirales;c_Megaviricetes;p_Nucleocytoviricota;d_NCLDV,"NCLDV__Tupanvirus_soda_lake_soda_lake:2(28.57%),NCLDV__Megavirus_chiliensis_:2(28.57%),NCLDV__ERX552270-68:1(14.29%),NCLDV__Powai_lake_megavirus_:1(14.29%),NCLDV__Hokovirus_HKV1_:1(14.29%)","NCLDV__g246-Megamimivirinae:5(71.43%),NCLDV__g247:1(14.29%),NCLDV__g228-Klosneuvirinae:1(14.29%)","NCLDV__Mimiviridae:6(85.71%),NCLDV__incertae_sedis:1(14.29%)",NCLDV__Imitervirales:7(100.00%),NCLDV__Megaviricetes:7(100.00%),NCLDV__Nucleocytoviricota:7(100.00%),NCLDV:7(100.00%),30.34,1.22,121865,134068,"10,01","121153, 1124",24.85,114,89.1,,,
Viby_18-Q3-R106-67,tig00005795-10-768370,Viby_3,Imitervirales,FALSE,"4,23","0,00",77153,"6,45",71,49,24,1,,,,"RNAPL:769.8,RNAPL:451.3",0,0,0,1,0,0,0,0,0,1,Imitervirales with polB are kept,s_;g_g246-Megamimivirinae;f_Mimiviridae;o_Imitervirales;c_Megaviricetes;p_Nucleocytoviricota;d_NCLDV,"NCLDV__Acanthamoeba_polyphaga_mimivirus_strain=Oyster:1(50.00%),NCLDV__GVMAG-S-3300009084-161:1(50.00%)",NCLDV__g246-Megamimivirinae:2(100.00%),NCLDV__Mimiviridae:2(100.00%),NCLDV__Imitervirales:2(100.00%),NCLDV__Megaviricetes:2(100.00%),NCLDV__Nucleocytoviricota:2(100.00%),NCLDV:2(100.00%),17.98,1.19,77153,86630,"12,28",,25.62,73,93.41,keep,,
Viby_18-Q3-R106-67,tig00028705-10-334750,Viby_4,Imitervirales,FALSE,"2,50","0,00",33657,"6,01",40,24,10,3,,,,"A32:284.2,mcp:521.3,VLTF3:297.9",1,0,0,0,0,0,0,1,1,3,,s_;g_g246-Megamimivirinae;f_Mimiviridae;o_Imitervirales;c_Megaviricetes;p_Nucleocytoviricota;d_NCLDV,"NCLDV__GVMAG-M-3300020192-26:1(33.33%),NCLDV__GVMAG-S-1014582-52:1(33.33%),NCLDV__GVMAG-S-3300009084-161:1(33.33%)",NCLDV__g246-Megamimivirinae:3(100.00%),NCLDV__Mimiviridae:3(100.00%),NCLDV__Imitervirales:3(100.00%),NCLDV__Megaviricetes:3(100.00%),NCLDV__Nucleocytoviricota:3(100.00%),NCLDV:3(100.00%),8.99,1,33657,43125,"28,13","33731, 1655",26.16,36,85.77,keep,,
Viby_18-Q3-R106-67,tig00036375-10-302290,Viby_5,Imitervirales,FALSE,"0,00","3,45",30403,"0,99",29,7,6,1,,,,VLTF3:83.1,0,0,0,0,0,0,0,0,0,0,"blastx is unsure, maybe mimivirus?",s_;g_;f_;o_;c_;p_;d_,"NCLDV__GVMAG-M-3300022752-33:1(50.00%),BAC__UBA729:1(50.00%)","NCLDV__g224:1(50.00%),BAC__UBA729:1(50.00%)","NCLDV__Mimiviridae:1(50.00%),BAC__Comchoanobacterales:1(50.00%)","NCLDV__Imitervirales:1(50.00%),BAC__Gammaproteobacteria:1(50.00%)","NCLDV__Megaviricetes:1(50.00%),BAC__Pseudomonadota:1(50.00%)","NCLDV__Nucleocytoviricota:1(50.00%),BAC__Bacteria:1(50.00%)","NCLDV:1(50.00%),BAC:1(50.00%)",2.25,1,30403,33323,"9,6","20354, 10652, 1421",41.1,30,88.38,keep,,
,,,,,,,,,,,,,,,,TOTAL,28,21,17,23,25,10,19,24,10,remove:,,,,,,,,,,,,,,,,,,,22,,
,,,,,,,,,,,,,,,,,,,,,,,,,,keep:,,,,,,,,,,,,,,,,,,,55,,